date,temp,spcond,sal,do_pct,do_mgl,depth,ph,turb,chlfluor
1/25/2017,19.44285714,9.922,5.611428571,107.9285714,9.6,2.452285714,7.585714286,14.51428571,NA
1/26/2017,18.53645833,7.4296875,4.14375,86.2625,7.875,2.1475,7.011458333,16.67708333,NA
1/27/2017,16.76354167,8.178125,4.590625,86.553125,8.188541667,2.019166667,7.209375,14.80208333,NA
1/28/2017,15.03645833,11.27739583,6.460416667,95.84375,9.310416667,2.0625,7.645833333,12.42708333,NA
1/29/2017,13.99375,10.75166667,6.142708333,89.85104167,8.935416667,2.124583333,7.434375,9.760416667,NA
1/30/2017,14.11770833,10.26354167,5.8375,89.528125,8.889583333,2.017083333,7.509375,11.54166667,NA
1/31/2017,14.94791667,8.858229167,4.982291667,87.978125,8.617708333,2.043958333,7.30625,11.23958333,NA
2/1/2017,15.85520833,8.189166667,4.58125,81.17708333,7.820833333,2.061041667,7.170833333,13.02083333,NA
2/2/2017,17.34270833,7.932604167,4.428125,90.24166667,8.430208333,2.0703125,7.330208333,16.91666667,NA
2/3/2017,17.61354167,6.3378125,3.49375,85.28958333,7.982291667,1.994791667,7.0375,13.47916667,NA
2/4/2017,15.32083333,5.2946875,2.885416667,93.86666667,9.258333333,1.9253125,7.359375,11.64583333,NA
2/5/2017,14.415625,5.627291667,3.070833333,93.47083333,9.3875,2.018333333,7.296875,13.44791667,NA
2/6/2017,15.73854167,5.484895833,2.989583333,102.3635417,9.961458333,2.040208333,7.486458333,13.375,NA
2/7/2017,17.02291667,4.898125,2.64375,93.11875,8.853125,2.183125,7.073958333,17.82291667,NA
2/8/2017,17.53645833,3.449375,1.828125,73.80625,6.973958333,2.2690625,6.54375,14.77083333,NA
2/9/2017,17.71770833,2.238958333,1.160416667,83.26666667,7.8625,1.955625,6.48125,22.375,NA
2/10/2017,17.32708333,4.1409375,2.25,94.18854167,8.883333333,1.994375,6.715625,23.58333333,NA
2/11/2017,18.41666667,5.698229167,3.11875,96.29375,8.855208333,2.0790625,6.807291667,23.15625,NA
2/12/2017,19.71458333,4.58375,2.472916667,86.82291667,7.811458333,2.06,6.804166667,22.05208333,NA
2/13/2017,20.365625,4.424895833,2.392708333,90.29375,8.019791667,1.978541667,6.648958333,19.02083333,NA
2/14/2017,20.63645833,7.546145833,4.1875,88.87708333,7.790625,2.074166667,6.730208333,20.17708333,NA
2/15/2017,19.54895833,5.6340625,3.078125,84.9125,7.651041667,2.157604167,6.829166667,16.9375,NA
2/16/2017,17.29791667,7.3134375,4.077083333,87.14791667,8.188541667,1.954375,7.129166667,15.85416667,NA
2/17/2017,16.81875,7.8190625,4.359375,91.15,8.626041667,1.986458333,7.146875,18.08333333,NA
2/18/2017,17.15625,5.169270833,2.803125,84.19375,7.986458333,2.105833333,6.851041667,16.45833333,NA
2/19/2017,18.0625,5.724583333,3.122916667,86.040625,7.977083333,2.102916667,6.6875,19.28125,NA
2/20/2017,19.03125,5.748020833,3.134375,79.56145833,7.233333333,2.108958333,6.594791667,19.01041667,NA
2/21/2017,19.11979167,4.705625,2.5375,73.9875,6.75,2.151979167,6.665625,14.45833333,NA
2/22/2017,19.040625,5.334270833,2.905208333,71.56666667,6.5125,2.191041667,6.58125,14.5,NA
2/23/2017,19.35625,10.06947917,5.739583333,84.428125,7.492708333,2.21,6.775,13.57291667,NA
2/24/2017,20.34166667,11.96979167,6.869791667,91.778125,7.93125,2.185729167,6.798958333,13.83333333,NA
2/25/2017,21.10729167,9.0471875,5.102083333,97.14166667,8.346875,2.076354167,6.776041667,13.72916667,NA
2/26/2017,19.953125,11.69010417,6.695833333,107.8166667,9.459375,2.0603125,6.879166667,17.46875,NA
2/27/2017,19.66145833,10.64364583,6.058333333,111.0947917,9.821875,2.158333333,6.886458333,12.52083333,NA
2/28/2017,20.040625,9.51625,5.369791667,81.47083333,7.18125,2.181875,6.852083333,14.72916667,NA
3/1/2017,20.79166667,8.128541667,4.532291667,74.45,6.486458333,2.224270833,6.765625,13.01041667,NA
3/2/2017,19.86041667,5.946354167,3.25625,91.565625,8.197916667,1.907708333,6.755208333,10.95833333,NA
3/3/2017,18.02083333,6.32625,3.480208333,97.17083333,9.013541667,1.882708333,6.71875,12.44791667,NA
3/4/2017,17.0125,7.939583333,4.427083333,102.0614583,9.597916667,1.912916667,6.736458333,13.21875,NA
3/5/2017,16.58645833,9.350625,5.2875,97.68229167,9.228125,2.071354167,6.832291667,11.61458333,NA
3/6/2017,17.42083333,10.86229167,6.202083333,98.03958333,9.04375,2.274166667,7.013541667,13.04166667,NA
3/7/2017,18.50520833,9.703854167,5.492708333,95.00104167,8.6125,2.333645833,7.135416667,10.84375,NA
3/8/2017,19.87604167,7.689479167,4.28125,106.821875,9.45,2.112708333,7.063541667,11.84375,NA
3/9/2017,20.64375,8.840833333,4.96875,107.6416667,9.347916667,2.098020833,6.864583333,15.19791667,NA
3/10/2017,21.63020833,9.068020833,5.1,111.871875,9.546875,2.058854167,6.85625,16.84375,NA
3/11/2017,21.74583333,9.710729167,5.477083333,114.6989583,9.764583333,2.0071875,7.053125,18.98958333,NA
3/12/2017,20.215625,10.63010417,6.067708333,113.6677083,9.923958333,1.920208333,7.117708333,18.15625,NA
3/13/2017,17.77395833,15.06354167,8.820833333,89.496875,8.080208333,2.101666667,7.353125,23.98958333,NA
3/14/2017,16.86145833,10.67322917,6.089583333,94.21145833,8.80625,1.996354167,7.648958333,6.458333333,NA
3/15/2017,15.46666667,10.0365625,5.702083333,101.475,9.808333333,1.835729167,7.866666667,7.3125,NA
3/16/2017,14.33645833,13.42052083,7.784375,108.2520833,10.56666667,1.9184375,8.382291667,8.34375,NA
3/17/2017,14.77291667,11.455,6.561458333,107.9833333,10.521875,2.025,8.204166667,9.302083333,NA
3/18/2017,15.984375,10.495625,5.972916667,106.1677083,10.10104167,2.0465625,8.026041667,9.71875,NA
3/19/2017,18.08333333,9.563125,5.403125,108.0104167,9.866666667,2.022604167,8.016666667,11.875,NA
3/20/2017,19.021875,9.768125,5.520833333,106.2166667,9.522916667,2.03625,7.825,15.19791667,NA
3/21/2017,20.43229167,8.376666667,4.678125,106.28125,9.295833333,2.071770833,7.447916667,26.97916667,NA
3/22/2017,21.55729167,8.6896875,4.860416667,101.1041667,8.642708333,2.089166667,7.0875,23.07291667,NA
3/23/2017,21.75208333,8.074166667,4.498958333,93.690625,8.00625,2.010416667,7.198958333,25.88541667,NA
3/24/2017,21.83958333,8.664791667,4.847916667,83.94479167,7.155208333,2.126666667,7.194791667,26.40625,NA
3/25/2017,21.96666667,9.5065625,5.357291667,82.56458333,7.011458333,2.238229167,7.304166667,42.51041667,NA
3/26/2017,21.95729167,7.756145833,4.30625,78.0375,6.65625,2.238229167,7.086458333,14.625,NA
3/27/2017,22.896875,7.3353125,4.054166667,82.90416667,6.953125,2.223229167,6.95625,15.96875,NA
3/28/2017,23.59895833,7.530208333,4.165625,80.41354167,6.666666667,2.277604167,6.942708333,22.38541667,NA
3/29/2017,24.378125,8.404791667,4.685416667,85.11666667,6.932291667,2.242083333,7.061458333,33.69791667,NA
3/30/2017,24.025,6.466979167,3.5375,82.896875,6.840625,2.3228125,7.0875,22.48958333,NA
3/31/2017,23.39791667,5.602395833,3.038541667,69.33541667,5.80625,2.291458333,6.960416667,13.65625,NA
4/1/2017,23.09270833,5.698958333,3.102083333,76.05729167,6.404166667,2.205625,6.882291667,14.19791667,NA
4/2/2017,23.14479167,5.160833333,2.784375,75.62708333,6.367708333,2.193125,6.764583333,14.51041667,NA
4/3/2017,23.2625,4.564895833,2.45,75.66979167,6.369791667,2.331666667,6.863541667,18.09375,NA
4/4/2017,22.67604167,3.28,1.727083333,62.69895833,5.361458333,2.284791667,6.670833333,12.04166667,NA
4/5/2017,23.55416667,3.70375,1.972916667,77.70833333,6.502083333,2.441979167,6.901041667,19.44791667,NA
4/6/2017,21.490625,1.266354167,0.642708333,73.24479167,6.44375,2.043333333,6.545833333,16.25,NA
4/7/2017,21.103125,2.1509375,1.119791667,79.54479167,7.025,1.949270833,6.692708333,18.42708333,NA
4/8/2017,20.646875,3.050416667,1.6,84.55625,7.528125,2.005833333,6.914583333,17.65625,NA
4/9/2017,20.93958333,3.0965625,1.623958333,88.79583333,7.852083333,2.090520833,6.870833333,16.88541667,NA
4/10/2017,21.64895833,2.869479167,1.498958333,89.47395833,7.808333333,2.144895833,6.848958333,16.26041667,NA
4/11/2017,22.05520833,2.662291667,1.3875,82.4375,7.15,2.1715625,6.795833333,15.64583333,NA
4/12/2017,22.70729167,2.630104167,1.365625,86.096875,7.367708333,2.163793103,6.898958333,16.39583333,NA
4/13/2017,22.42421053,2.647473684,1.378947368,98.76947368,8.507368421,2.241473684,6.93,16.26315789,NA
4/14/2017,22.378125,2.786875,1.455208333,116.9416667,10.06458333,2.295,NA,14.09375,NA
4/15/2017,22.471875,2.602604167,1.35625,114.2885417,9.819791667,2.3459375,NA,12.96875,NA
4/16/2017,22.77395833,2.741979167,1.432291667,107.3854167,9.173958333,2.337708333,NA,13.40625,NA
4/17/2017,23.03020833,2.6175,1.360416667,103.396875,8.789583333,2.310208333,NA,12.63541667,NA
4/18/2017,23.00104167,2.432395833,1.25625,106.2333333,9.034375,2.316354167,NA,11.72916667,NA
4/19/2017,23.346875,2.305208333,1.185416667,116.325,9.828125,2.2903125,NA,10.86458333,NA
4/20/2017,24.10416667,2.195520833,1.126041667,121.625,10.12916667,2.326354167,NA,10.8125,NA
4/21/2017,24.52395833,2.227291667,1.144791667,112.103125,9.267708333,2.315520833,NA,11.15625,NA
4/22/2017,25.071875,2.674895833,1.3875,102.1635417,8.363541667,2.371979167,NA,12.47916667,NA
4/23/2017,24.16458333,1.458125,0.735416667,84.59479167,7.072916667,2.227291667,NA,11.91666667,NA
4/24/2017,23.13854167,1.326979167,0.671875,91.23645833,7.778125,2.164583333,NA,13.45833333,NA
4/25/2017,22.78020833,2.575,1.339583333,97.528125,8.341666667,2.2084375,NA,17.8125,NA
4/26/2017,22.63854167,2.528854167,1.319791667,96.45625,8.275,2.2503125,NA,18.0625,NA
4/27/2017,23.36875,2.675104167,1.395833333,94.19791667,7.965625,2.316458333,NA,21.03125,NA
4/28/2017,24.87083333,3.038854167,1.60625,88.94479167,7.310416667,2.324479167,7.215625,11.46875,NA
4/29/2017,25.21979167,2.938333333,1.5375,86.96458333,7.096875,2.3421875,7.090625,6.90625,NA
4/30/2017,24.89166667,3.873645833,2.059375,84.47083333,6.91875,2.4684375,7.152083333,12.69791667,NA
5/1/2017,24.4125,2.643958333,1.383333333,79.809375,6.611458333,2.429270833,6.791666667,24.92708333,NA
5/2/2017,24.01770833,2.483854167,1.3,80.79375,6.744791667,2.327916667,6.767708333,5.572916667,NA
5/3/2017,24.30416667,2.789166667,1.461458333,94.40520833,7.820833333,2.279791667,7.242708333,7.5625,NA
5/4/2017,22.559375,1.239166667,0.627083333,76.78020833,6.617708333,2.286354167,6.417708333,8.604166667,NA
5/5/2017,20.328125,0.151875,0.1,73.2875,6.625,2.0665625,5.878125,10.90625,NA
5/6/2017,20.13229167,0.155729167,0.1,75.45416667,6.838541667,2.100625,5.936458333,17.32291667,NA
5/7/2017,20.78333333,0.123125,0.1,72.32395833,6.480208333,2.075208333,5.886458333,21.95833333,NA
5/8/2017,21.440625,0.155729167,0.104166667,70.97708333,6.272916667,2.096666667,5.935416667,23.10416667,NA
5/9/2017,21.934375,0.203645833,0.115625,65.78125,5.757291667,2.1221875,5.944791667,21.89583333,NA
5/10/2017,22.70208333,0.2371875,0.13125,67.72604167,5.836458333,2.143854167,6.008333333,19.4375,NA
5/11/2017,23.08541667,0.320520833,0.15625,76.00416667,6.497916667,2.159166667,6.157291667,18.11458333,NA
5/12/2017,23.9,0.9015625,0.45625,82.65104167,6.95625,2.2246875,6.334375,27.97701149,NA
5/13/2017,24.00104167,0.550104167,0.273958333,81.03229167,6.811458333,2.141666667,NA,39.44303797,NA
5/14/2017,24.10625,0.760625,0.380208333,84.89583333,7.115625,2.120833333,NA,34.01162791,NA
5/15/2017,24.48958333,0.8221875,0.396875,79.36770833,6.607291667,2.160833333,NA,26.09090909,NA
5/16/2017,24.91770833,0.706875,0.345833333,77.17291667,6.376041667,2.161354167,NA,76.38823529,NA
5/17/2017,25.39375,0.705104167,0.346875,79.46354167,6.507291667,2.2478125,NA,49,NA
5/18/2017,25.91979167,1.020729167,0.510416667,71.29895833,5.777083333,2.268229167,NA,65.22988506,NA
5/19/2017,26.2125,1.210104167,0.614583333,61.75625,4.972916667,2.271354167,NA,101.1612903,NA
5/20/2017,26.78854167,1.6328125,0.826041667,62.109375,4.933333333,2.3584375,NA,104.6808511,NA
5/21/2017,25.99166667,0.8603125,0.425,69.503125,5.630208333,2.294479167,NA,103.3870968,NA
5/22/2017,25.22708333,0.499895833,0.24375,63.92604167,5.255208333,2.25375,NA,163.0967742,NA
5/23/2017,25.853125,1.4471875,0.7375,83.17708333,6.74375,2.434166667,NA,149.0212766,NA
5/24/2017,25.61458333,1.517916667,0.790625,73.50729167,5.985416667,2.231979167,NA,164.7083333,NA
5/25/2017,24.44166667,1.134270833,0.565625,78.74791667,6.555208333,2.199479167,6.386111111,79.42708333,NA
5/26/2017,24.47916667,1.142604167,0.580208333,86.99583333,7.236458333,2.2478125,6.346875,16.53125,NA
5/27/2017,24.90833333,1.401666667,0.711458333,89.6125,7.389583333,2.2575,6.502083333,21.61458333,NA
5/28/2017,26.06354167,2.058645833,1.066666667,87.471875,7.054166667,2.285729167,6.65625,19.77083333,NA
5/29/2017,26.29375,1.2290625,0.621875,84.46875,6.798958333,2.2234375,6.246875,17.11458333,NA
5/30/2017,26.10625,0.7284375,0.3625,79.70520833,6.442708333,2.204895833,6.002083333,18.30208333,NA
5/31/2017,25.92291667,0.944270833,0.470833333,74.69479167,6.058333333,2.266458333,6.092708333,20.4375,NA
6/1/2017,25.24270833,0.3975,0.196875,69.921875,5.752083333,2.2075,5.821875,17.76041667,NA
6/2/2017,25.359375,0.3459375,0.16875,68.196875,5.596875,2.2515625,5.788541667,16.35416667,NA
6/3/2017,25.859375,0.32875,0.16875,78.46666667,6.377083333,2.2278125,5.820833333,17.38541667,NA
6/4/2017,26.1875,0.371875,0.188541667,78.30416667,6.328125,2.266354167,5.885416667,18.22916667,NA
6/5/2017,26.97291667,0.886354167,0.446875,82.74583333,6.583333333,2.300833333,6.184375,19.28125,NA
6/6/2017,26.76666667,0.6621875,0.338541667,83.30833333,6.666666667,2.295416667,6.042708333,16.70833333,NA
6/7/2017,24.878125,0.098541667,0.04375,76.653125,6.352083333,2.2603125,5.551041667,56.21875,NA
6/8/2017,24.478125,0.141875,0.041666667,64.66979167,5.402083333,2.243958333,5.524528302,88.39583333,NA
6/9/2017,24.584375,0.323125,0.154166667,59.35208333,4.942708333,2.20625,NA,57.80208333,NA
6/10/2017,25.33541667,0.277395833,0.155208333,60.77395833,4.991666667,2.242708333,NA,48.25,NA
6/11/2017,26.08020833,0.306979167,0.155208333,64.6375,5.233333333,2.27375,NA,39.73958333,NA
6/12/2017,26.60625,0.450208333,0.228125,66.71979167,5.35,2.291145833,NA,30.70833333,NA
6/13/2017,26.36666667,0.484895833,0.238541667,61.60104167,4.9625,2.284583333,NA,26.19791667,NA
6/14/2017,26.41875,0.660416667,0.332291667,66.98333333,5.3875,2.311770833,NA,22.88541667,NA
6/15/2017,25.89583333,0.174375,0.1,67.890625,5.522916667,2.282916667,NA,19.42708333,NA
6/16/2017,25.43125,0.145208333,0.1,78.32291667,6.41875,2.26125,NA,15.86458333,NA
6/17/2017,25.93125,0.151145833,0.1,88.490625,7.196875,2.200833333,NA,19.15625,NA
6/18/2017,26.2125,0.130416667,0.1,83.490625,6.752083333,2.200104167,NA,17.67708333,NA
6/19/2017,26.63958333,0.1371875,0.1,76.55625,6.142708333,2.251458333,NA,20.29166667,NA
6/20/2017,26.79583333,0.291770833,0.159375,74.82395833,5.985416667,2.329583333,NA,21.92708333,NA
6/21/2017,24.63229167,0.255625,0.119791667,76.71979167,6.383333333,2.538958333,NA,29.28125,NA
6/22/2017,24.22083333,0.063020833,0,76.45416667,6.414583333,2.6484375,NA,58.03125,NA
6/23/2017,25.41458333,0.081666667,0.015625,69.31354167,5.686458333,2.497708333,NA,45.83333333,NA
6/24/2017,26.58229167,0.118020833,0.061458333,71.0375,5.705208333,2.397708333,NA,40.94791667,NA
6/25/2017,27.28333333,0.134791667,0.091666667,62.65729167,4.972916667,2.269166667,NA,40.88541667,NA
6/26/2017,27.025,1.538333333,0.790625,61.89583333,4.908333333,2.250520833,NA,25.15625,NA
6/27/2017,26.765625,3.4728125,1.836458333,68.68854167,5.448958333,2.235208333,NA,30.82291667,NA
6/28/2017,26.06354167,3.942604167,2.091666667,71.51979167,5.733333333,2.29625,6.668253968,23,NA
6/29/2017,25.846875,2.998020833,1.560416667,67.13020833,5.420833333,2.353958333,6.551041667,13.17708333,NA
6/30/2017,25.38229167,1.495104167,0.758333333,65.34270833,5.342708333,2.357916667,6.315625,11.44791667,NA
7/1/2017,25.6,0.458229167,0.21875,83.00833333,6.773958333,2.346666667,6.261458333,14.92708333,NA
7/2/2017,26.28020833,0.20125,0.114583333,87.83125,7.090625,2.315520833,6.246875,17.29166667,NA
7/3/2017,27.20208333,0.1575,0.104166667,88.08333333,6.992708333,2.283020833,6.253125,20.125,NA
7/4/2017,28.02708333,0.2275,0.129166667,87.29166667,6.832291667,2.3040625,6.320833333,22.57291667,NA
7/5/2017,28.21458333,0.362604167,0.19375,78.93229167,6.153125,2.331666667,6.311458333,24.625,NA
7/6/2017,28.534375,0.497916667,0.253125,73.13958333,5.671875,2.323645833,6.310416667,20.125,NA
7/7/2017,28.65208333,0.418020833,0.203125,77.43854167,5.992708333,2.328541667,6.370833333,20.6875,NA
7/8/2017,28.215625,0.474583333,0.23125,76.82604167,5.988541667,2.314375,6.416666667,24.25,NA
7/9/2017,27.68333333,0.236354167,0.128125,80.33645833,6.319791667,2.263333333,6.269791667,38.15625,NA
7/10/2017,27.525,0.261770833,0.139583333,79.93541667,6.310416667,2.292083333,6.267708333,36.53125,NA
7/11/2017,27.65208333,0.221770833,0.113541667,83.13333333,6.546875,2.2853125,6.242708333,19.45833333,NA
7/12/2017,28.178125,0.221041667,0.109375,87.41145833,6.813541667,2.341354167,6.382291667,18.75,NA
7/13/2017,28.0375,0.195208333,0.1,80.20520833,6.271875,2.3253125,6.39375,14.66666667,NA
7/14/2017,27.825,0.1684375,0.1,75.21458333,5.910416667,2.326875,6.329166667,15.125,NA
7/15/2017,27.75416667,0.151041667,0.1,77.48125,6.0875,2.335833333,6.302083333,14.32291667,NA
7/16/2017,27.69270833,0.145416667,0.1,86.97083333,6.844791667,2.376458333,6.352083333,14.80208333,NA
7/17/2017,27.21145833,0.128958333,0.1,90.96458333,7.227083333,2.338645833,6.296875,20.53125,NA
7/18/2017,27.08125,0.142291667,0.1,88.00625,7.005208333,2.306979167,6.3125,20.23958333,NA
7/19/2017,27.47604167,0.156458333,0.1,87.75416667,6.9375,2.3,6.341666667,36.53125,NA
7/20/2017,28.07052632,0.148947368,0.1,85.30736842,6.668421053,2.246315789,6.368421053,18.89473684,NA
7/21/2017,29.10416667,0.2871875,0.148958333,86.69270833,6.655208333,2.2946875,6.538541667,21.41666667,NA
7/22/2017,29.146875,0.284375,0.138541667,85.821875,6.580208333,2.308020833,6.494791667,30.34375,NA
7/23/2017,29.02083333,0.254583333,0.123958333,85.99270833,6.6125,2.336875,6.491666667,22.67708333,NA
7/24/2017,28.37291667,0.2121875,0.110416667,82.98020833,6.457291667,2.271875,6.394791667,16.30208333,NA
7/25/2017,27.98333333,0.191041667,0.102083333,77.84166667,6.095833333,2.268958333,6.296875,18.27083333,NA
7/26/2017,27.85520833,0.175416667,0.1,71.03958333,5.576041667,2.201770833,6.148958333,27.58333333,NA
7/27/2017,27.78958333,0.162708333,0.1,70.87916667,5.571875,2.199166667,6.097916667,19.52083333,NA
7/28/2017,26.38645833,0.208645833,0.101041667,72.84583333,5.870833333,2.342682927,6.015625,15.09375,NA
7/29/2017,26.17916667,0.258229167,0.113541667,85.8,6.934375,2.298645833,6.089583333,11.58333333,NA
7/30/2017,26.24895833,0.227291667,0.105208333,91.04166667,7.348958333,2.21875,6.113541667,10.04166667,NA
7/31/2017,26.42604167,0.3240625,0.148958333,92.29895833,7.422916667,2.300625,6.245833333,12.9375,NA
8/1/2017,26.27916667,0.289479167,0.130208333,84.01979167,6.780208333,2.315520833,6.164583333,12.48958333,NA
8/2/2017,26.35208333,0.782395833,0.407291667,86.65,6.958333333,2.33,6.35625,13.54166667,NA
8/3/2017,27.43541667,5.014583333,2.698958333,83.1125,6.470833333,2.376354167,6.986458333,12.04166667,NA
8/4/2017,24.10625,2.698020833,1.444791667,81.7875,6.808333333,2.470208333,6.392708333,23.21875,NA
8/5/2017,22.51875,0.181458333,0.1,67.99375,5.892708333,2.387604167,5.53125,47.17708333,NA
8/6/2017,23.74375,0.219791667,0.104166667,61.52083333,5.207291667,2.411354167,5.622916667,33.65625,NA
8/7/2017,24.95104167,0.578541667,0.283333333,64.278125,5.305208333,2.450625,5.838541667,39.16666667,NA
8/8/2017,26.81041667,0.569895833,0.291666667,65.45625,5.229166667,2.405729167,6.013541667,31.23958333,NA
8/9/2017,29.05833333,5.182083333,2.815625,67.86770833,5.135416667,2.448854167,6.317708333,16.90625,NA
8/10/2017,29.65833333,6.041458333,3.270833333,77.64479167,5.792708333,2.4334375,6.530208333,11.76041667,NA
8/11/2017,28.62604167,3.885625,2.053125,58.94270833,4.522916667,2.406041667,6.108333333,8.59375,NA
8/12/2017,28.98541667,3.589791667,1.883333333,73.98020833,5.632291667,2.326145833,6.192708333,9.833333333,NA
8/13/2017,28.6875,2.46,1.272916667,73.965625,5.684375,2.297291667,6.033333333,12.39583333,NA
8/14/2017,28.82916667,1.9303125,0.998958333,70.81666667,5.430208333,2.270833333,5.945833333,13.52083333,NA
8/15/2017,27.79583333,0.610104167,0.308333333,70.996875,5.579166667,2.3146875,5.677083333,14.82291667,NA
8/16/2017,26.85416667,0.195833333,0.123958333,69.196875,5.526041667,2.287916667,5.563541667,17.08333333,NA
8/17/2017,27.23958333,0.182395833,0.105208333,67.81145833,5.373958333,2.294895833,5.566666667,20.84375,NA
8/18/2017,28.34895833,1.363229167,0.695833333,76.50833333,5.919791667,2.255,5.897916667,18.27083333,NA
8/19/2017,28.94479167,1.9678125,1.011458333,77.02916667,5.905208333,2.2328125,6.047916667,14.90625,NA
8/20/2017,29.15625,3.147604167,1.653125,74.721875,5.689583333,2.291145833,6.2,13.64583333,NA
8/21/2017,30.184375,5.127083333,2.748958333,82.29895833,6.114583333,2.320729167,6.48125,13.51041667,NA
8/22/2017,29.821875,6.601875,3.5875,72.95833333,5.430208333,2.360833333,6.58125,12.60416667,NA
8/23/2017,29.928125,8.864166667,4.922916667,61.378125,4.530208333,2.306875,6.63125,14.39583333,NA
8/24/2017,29.321875,8.819895833,4.894791667,83.43125,6.225,2.255729167,7.016666667,13.89583333,NA
8/25/2017,28.52395833,11.89385417,6.763541667,99.71041667,7.457291667,2.244479167,7.71875,13.84375,NA
8/26/2017,28.6375,15.94885417,9.288541667,76.33229167,5.621875,2.241666667,7.367708333,12.98958333,NA
8/27/2017,28.70833333,18.16989583,10.703125,65.51875,4.773958333,2.223541667,7.360416667,13.21875,NA
8/28/2017,28.05520833,18.53166667,10.94479167,61.94791667,4.575,2.244166667,7.509375,11.0625,NA
8/29/2017,26.66041667,19.02375,11.271875,54.11979167,4.097916667,2.227708333,7.41875,9.947916667,NA
8/30/2017,24.30729167,9.959166667,5.709375,58.55104167,4.763541667,2.493645833,6.664583333,19.08333333,NA
8/31/2017,22.771875,0.412291667,0.194791667,70.6875,6.092708333,2.512708333,5.6125,45.03125,NA
9/1/2017,22.89895833,0.218229167,0.1,66.659375,5.734375,2.331354167,5.56875,45.91666667,NA
9/2/2017,23.97291667,0.254375,0.1,59.90416667,5.04375,2.257291667,5.636458333,34.64583333,NA
9/3/2017,24.70104167,0.980625,0.486458333,57.47708333,4.767708333,2.278229167,5.696875,29.08333333,NA
9/4/2017,26.30520833,7.838020833,4.339583333,58.903125,4.639583333,2.308645833,6.513541667,22.8125,NA
9/5/2017,27.02708333,10.78041667,6.108333333,45.078125,3.471875,2.341041667,6.595833333,17.5,NA
9/6/2017,25.85,6.97875,3.836458333,65.10520833,5.19375,2.271458333,6.502083333,21.14583333,NA
9/7/2017,24.45833333,9.366666667,5.251041667,82.83541667,6.725,2.2871875,6.847916667,40.73958333,NA
9/8/2017,23.621875,12.75479167,7.3375,79.14375,6.455208333,2.292291667,7.216666667,34.09375,NA
9/9/2017,23.69791667,11.8753125,6.790625,89.61979167,7.3125,2.327708333,7.3,17.40625,NA
9/10/2017,23.44375,10.45583333,5.932291667,79.33229167,6.528125,2.148125,7.042708333,20.13541667,NA
9/11/2017,21.67708333,7.1571875,3.95625,78.171875,6.723958333,1.843958333,6.698958333,22.5,NA
9/12/2017,20.809375,7.927395833,4.408333333,68.46979167,5.967708333,2.082083333,6.6875,17.1875,NA
9/13/2017,21.91770833,10.64416667,6.053125,55.63854167,4.7,2.15375,6.809375,15.75,NA
9/14/2017,23.76354167,10.3028125,5.830208333,63.88541667,5.211458333,2.255,6.85625,12.39583333,NA
9/15/2017,25.81473684,12.19989474,6.974736842,70.52,5.498947368,2.313578947,7.228421053,13.35789474,NA
9/16/2017,27.64791667,12.711875,7.28125,92.034375,6.961458333,2.330104167,7.646875,12.88541667,NA
9/17/2017,28.871875,14.14666667,8.15625,84.90104167,6.257291667,2.348645833,7.586458333,13.70833333,NA
9/18/2017,29,13.33541667,7.652083333,74.21770833,5.476041667,2.316666667,7.275,12.75,NA
9/19/2017,29.13333333,13.355,7.657291667,73.04583333,5.378125,2.3128125,7.394791667,13.46875,NA
9/20/2017,29.22916667,12.72822917,7.266666667,62.67395833,4.621875,2.248854167,7.13125,13.86458333,NA
9/21/2017,29.68125,12.1234375,6.889583333,67.36354167,4.927083333,2.2634375,7.116666667,13.375,NA
9/22/2017,30.07708333,11.3690625,6.430208333,76.49895833,5.571875,2.2490625,6.985416667,14.83333333,NA
9/23/2017,30.25416667,10.89427083,6.139583333,82.315625,5.978125,2.278541667,6.9125,15.80208333,NA
9/24/2017,29.77708333,11.44520833,6.479166667,79.28854167,5.820833333,2.296458333,6.921875,24.48958333,NA
9/25/2017,28.925,11.75552083,6.675,104.803125,7.7875,2.357916667,6.985416667,42.29166667,NA
9/26/2017,29.18333333,12.6434375,7.214583333,100.9166667,7.422916667,2.3378125,7.035416667,85.80208333,NA
9/27/2017,29.865625,14.1784375,8.166666667,97.60416667,7.072916667,2.311145833,7.065625,84.94791667,NA
9/28/2017,30.271875,14.86364583,8.584375,112.128125,8.042708333,2.319791667,7.2,17.4375,NA
9/29/2017,29.48229167,17.72520833,10.415625,94.175,6.791666667,2.288333333,7.475,13.94791667,NA
9/30/2017,27.60520833,19.09302083,11.30729167,64.10729167,4.74375,2.2890625,7.528125,18.77083333,NA
10/1/2017,26.63958333,17.89114583,10.54791667,72.74375,5.513541667,2.327083333,7.696875,9.697916667,NA
10/2/2017,23.70520833,17.82458333,10.5375,72.809375,5.808333333,2.500208333,7.939583333,9.270833333,NA
10/3/2017,23.53645833,22.47385417,13.56666667,37.834375,2.973958333,2.530625,7.336458333,10.33333333,NA
10/4/2017,23.321875,21.373125,12.8375,32.95208333,2.623958333,2.456875,7.225,11.07291667,NA
10/5/2017,23.23125,20.2965625,12.14270833,27.83229167,2.227083333,2.4471875,7.221875,10.40625,NA
10/6/2017,23.778125,20.41520833,12.21041667,68.8875,5.435416667,2.44875,7.48125,10.89583333,NA
10/7/2017,24.25,20.62166667,12.34479167,64.2,5.023958333,2.631770833,7.482291667,14.65625,NA
10/8/2017,23.57604167,14.37979167,8.413541667,59.11458333,4.75,2.944895833,6.772916667,16.39583333,NA
10/9/2017,23.25,4.467916667,2.416666667,47.06875,3.955208333,2.608125,6.011458333,28.89583333,NA
10/10/2017,25.23645833,4.245208333,2.276041667,58.24583333,4.672916667,2.553541667,6.191666667,26.15625,NA
10/11/2017,28.13229167,8.831770833,4.929166667,75.77604167,5.726041667,2.486145833,6.688541667,18.17708333,NA
10/12/2017,28.38958333,10.03291667,5.688541667,84.54270833,6.310416667,2.468541667,6.878125,16.05208333,NA
10/13/2017,28.95,17.02989583,9.986458333,70.47083333,5.1625,2.468020833,7.164583333,12.47916667,NA
10/14/2017,28.65833333,18.7315625,11.06875,66.253125,4.83125,2.460729167,7.197916667,12.3125,NA
10/15/2017,28.74479167,20.07697917,11.92395833,72.84791667,5.277083333,2.5453125,7.292708333,12.4375,NA
10/16/2017,27.46354167,16.855625,9.898958333,49.77708333,3.751041667,2.34875,6.9125,10.72916667,NA
10/17/2017,23.39583333,16.1125,9.455208333,78.05,6.295833333,2.418854167,7.119791667,17.25,NA
10/18/2017,22.590625,18.59375,11.04583333,90.740625,7.38125,2.435625,7.3375,15.44791667,NA
10/19/2017,22.75104167,18.6121875,11.05416667,83.221875,6.735416667,2.438333333,7.163541667,16.28125,NA
10/20/2017,23.53958333,19.10145833,11.36354167,89.534375,7.116666667,2.373541667,7.470833333,16,NA
10/21/2017,24.41458333,20.90479167,12.52604167,80.925,6.297916667,2.483020833,7.442708333,16.78125,NA
10/22/2017,24.55104167,18.575625,11.04583333,63.103125,4.929166667,2.5471875,7.183333333,27.5625,NA
10/23/2017,21.31770833,0.385,0.203125,74.153125,6.570833333,2.518541667,5.808333333,134.84375,NA
10/24/2017,20.65625,0.5475,0.271875,73.34375,6.586458333,2.371041667,5.802083333,70.98958333,NA
10/25/2017,20.58020833,3.094375,1.676041667,71.53020833,6.36875,2.240208333,6.179166667,45.07291667,NA
10/26/2017,21.6375,10.12677083,5.75,74.975,6.411458333,2.221666667,6.651041667,28.58333333,NA
10/27/2017,21.36666667,10.77083333,6.141666667,78.60625,6.732291667,2.299166667,6.75,26.41666667,NA
10/28/2017,19.91666667,7.533541667,4.192708333,78.45833333,6.967708333,2.260416667,6.555208333,47.71875,NA
10/29/2017,17.45,7.736875,4.320833333,85.20520833,7.944791667,2.1578125,6.625,41.47058824,NA
10/30/2017,17.68854167,9.870625,5.597916667,91.78020833,8.464583333,2.140729167,6.752083333,NA,NA
10/31/2017,18.43541667,8.350208333,4.670833333,89.44479167,8.158333333,2.210833333,6.685416667,NA,NA
11/1/2017,19.365625,8.373854167,4.676041667,85.20833333,7.636458333,2.343229167,6.677083333,NA,NA
11/2/2017,19.65416667,8.147291667,4.546875,72.67083333,6.48125,2.3759375,6.596875,NA,NA
11/3/2017,20.83125,7.7740625,4.314583333,81.796875,7.10625,2.358333333,6.664583333,NA,NA
11/4/2017,22.04479167,7.526041667,4.165625,100.8875,8.54375,2.328333333,6.723958333,NA,NA
11/5/2017,23.22395833,8.5378125,4.764583333,109.446875,9.058333333,2.341458333,6.81875,NA,NA
11/6/2017,23.93645833,8.805208333,4.923958333,108.4625,8.834375,2.305833333,6.84375,NA,NA
11/7/2017,24.465625,9,5.036458333,112.7447917,9.115625,2.314895833,6.820833333,NA,NA
11/8/2017,24.47604167,9.435625,5.296875,111.0854167,8.985416667,2.259479167,6.946875,NA,NA
11/9/2017,22.89270833,9.9534375,5.627083333,101.2020833,8.426041667,2.183229167,6.933333333,NA,NA
11/10/2017,20.615625,13.65395833,7.91875,101.9,8.719791667,2.235520833,7.022916667,NA,NA
11/11/2017,20.35833333,15.94458333,9.3625,102.23125,8.746875,2.308229167,7.084375,NA,NA
11/12/2017,20.27916667,17.6621875,10.46041667,93.04791667,7.923958333,2.360520833,7.122916667,NA,NA
11/13/2017,20.12395833,18.11375,10.75104167,92.4375,7.872916667,2.2978125,7.235416667,NA,NA
11/14/2017,19.71458333,17.24916667,10.19791667,99.678125,8.592708333,2.298541667,7.177083333,NA,NA
11/15/2017,18.96354167,17.5990625,10.43125,103.3489583,9.05625,2.291666667,7.228125,NA,NA
11/16/2017,19.37291667,20.633125,12.39375,94.475,8.1,2.323645833,7.165625,NA,NA
11/17/2017,20.31875,21.40260417,12.88854167,110.0875,9.216666667,2.2928125,7.30625,NA,NA
11/18/2017,20.85416667,20.51104167,12.30416667,99.99479167,8.316666667,2.383020833,7.264583333,NA,NA
11/19/2017,19.45416667,15.62614583,9.178125,95.21145833,8.28125,2.215416667,7.094791667,NA,NA
11/20/2017,18.578125,19.39427083,11.5875,109.0729167,9.536458333,2.274166667,7.095833333,NA,NA
11/21/2017,16.79375,22.30302083,13.50520833,117.4166667,10.52395833,2.274375,7.703125,9.816326531,NA
11/22/2017,15.34375,25.3603125,15.51458333,107.2510417,9.767708333,2.205833333,8.026041667,9.302083333,NA
11/23/2017,14.453125,25.21729167,15.41875,100.8854167,9.385416667,2.164583333,7.982291667,9.291666667,NA
11/24/2017,14.396875,24.5578125,14.98125,99.41145833,9.2625,2.189166667,7.922916667,9.333333333,NA
11/25/2017,14.778125,25.17958333,15.39479167,101.9760417,9.40625,2.218958333,7.914583333,10.125,NA
11/26/2017,15.375,26.61895833,16.36458333,106.7572917,9.665625,2.1571875,7.935416667,10.16666667,NA
11/27/2017,15.46354167,26.8409375,16.509375,100.83125,9.102083333,2.217291667,7.85,10.85416667,NA
11/28/2017,15.18541667,26.3753125,16.19583333,103.7520833,9.4375,2.258020833,7.864583333,9.8125,NA
11/29/2017,15.61458333,25.65302083,15.71145833,107.5875,9.722916667,2.230729167,7.844791667,9.34375,NA
11/30/2017,16.25416667,25.32947917,15.50104167,108.5822917,9.70625,2.2778125,7.808333333,9.458333333,NA
12/1/2017,16.78645833,25.56333333,15.65625,108.5322917,9.56875,2.229479167,7.777083333,9.260416667,NA
12/2/2017,17.36770833,27.27270833,16.81458333,109.6729167,9.488541667,2.246875,7.826041667,10.08333333,NA
12/3/2017,17.71145833,27.4290625,16.9125,118.478125,10.19479167,2.255416667,7.94375,11.20833333,NA
12/4/2017,17.87604167,27.21510417,16.76666667,111.2895833,9.55,2.250729167,7.93125,11.75,NA
12/5/2017,18.334375,26.36625,16.1875,93.17916667,7.947916667,2.338229167,7.74375,12.14583333,NA
12/6/2017,16.98854167,25.33177083,15.49583333,71.01458333,6.283333333,2.0971875,7.448958333,13.19791667,NA
12/7/2017,12.9375,26.17104167,16.04166667,79.79791667,7.648958333,2.078958333,7.639583333,12.17708333,NA
12/8/2017,10.434375,26.014375,15.89375,86.39270833,8.738541667,2.068854167,7.811458333,9.260416667,NA
12/9/2017,9.279166667,26.66364583,16.29166667,96.09895833,9.928125,2.111979167,7.922916667,10.16666667,NA
12/10/2017,10.42083333,27.12697917,16.63854167,110.103125,11.07708333,2.049895833,8.03125,13.95833333,NA
12/11/2017,10.934375,25.31354167,15.4375,109.1895833,10.94270833,2.054270833,7.94375,18.125,NA
12/12/2017,11.53333333,22.3475,13.50625,100.2625,10.0375,2.041770833,7.789583333,18.58333333,NA
12/13/2017,11.23125,21.54729167,12.96354167,98.26041667,9.945833333,2.0753125,7.934375,20.16666667,NA
12/14/2017,11.17916667,19.63083333,11.72083333,94.31666667,9.628125,2.126979167,7.84375,17.125,NA
12/15/2017,11.26145833,21.98916667,13.25729167,96.88645833,9.780208333,2.11875,7.914583333,20.01041667,NA
12/16/2017,11.178125,23.45635417,14.215625,103.6479167,10.4125,2.12375,8.05625,18.58333333,NA
12/17/2017,11.83541667,23.74510417,14.415625,96.465625,9.545833333,2.201458333,7.954166667,17.64583333,NA
12/18/2017,13.24583333,23.22354167,14.08125,94.68333333,9.0875,2.2128125,7.985416667,20.46875,NA
12/19/2017,14.49583333,21.48260417,12.95208333,85.46979167,8.047916667,2.135208333,7.855208333,22.75,NA
12/20/2017,16.590625,21.23177083,12.78541667,85.53125,7.684375,2.220520833,7.689583333,7.302083333,NA
12/21/2017,18.85416667,22.1175,13.3625,107.7885417,9.240625,2.207604167,8.045833333,6.84375,NA
12/22/2017,19.82291667,21.6271875,13.03333333,109.8541667,9.277083333,2.289895833,8.058333333,6.354166667,NA
12/23/2017,20.31354167,20.74291667,12.45416667,91.41875,7.665625,2.2875,7.710416667,7.0625,NA
12/24/2017,20.61145833,22.74458333,13.76875,86.87708333,7.202083333,2.211145833,7.8625,8.197916667,NA
12/25/2017,18.015625,19.38010417,11.59166667,98.54479167,8.771875,2.0446875,7.838541667,4.458333333,NA
12/26/2017,14.42604167,22.7184375,13.76770833,110.2166667,10.34583333,2.222708333,8.204166667,2.885416667,NA
12/27/2017,14.109375,25.05072917,15.3125,112.2291667,10.5125,2.114270833,8.19375,1.822916667,NA
12/28/2017,12.61979167,23.02385417,13.94166667,106.9354167,10.421875,2.126666667,8.096875,1.135416667,NA
12/29/2017,12,22.7065625,13.72916667,112.8114583,11.16979167,2.195833333,8.1,0.520833333,NA
12/30/2017,13.07291667,24.76114583,15.11145833,130.4677083,12.41875,2.1428125,8.196875,1.979166667,NA
12/31/2017,13.246875,24.22541667,14.75416667,120.4635417,11.5,2.013645833,8.2,2.65625,NA
1/1/2018,10.40625,16.69114583,9.826041667,101.7510417,10.71666667,1.906354167,7.741666667,2.958333333,NA
1/2/2018,8.1875,18.63958333,11.04270833,112.0614583,12.30833333,1.955104167,7.994791667,2.583333333,NA
1/3/2018,7.919791667,23.680625,14.29583333,118.9239583,12.86145833,2.003541667,8.216666667,2.145833333,NA
1/4/2018,8.608333333,24.5946875,14.915625,128.1927083,13.58020833,1.990833333,8.383333333,1.28125,NA
1/5/2018,8.7375,27.31104167,16.70208333,134.0979167,14.00729167,2.084166667,8.477083333,1.375,NA
1/6/2018,9.833333333,25.96239583,15.8375,139.5822917,14.284375,2.127916667,8.480208333,1.21875,NA
1/7/2018,10.290625,26.6253125,16.3,147.3302083,14.9,2.189479167,8.569791667,1.552083333,NA
1/8/2018,10.57291667,24.87260417,15.13541667,124.9333333,12.640625,2.373541667,8.44375,2.458333333,NA
1/9/2018,11.365625,26.9046875,16.50208333,121.3708333,11.95625,2.326354167,8.328125,1.885416667,NA
1/10/2018,11.96969697,27.02424242,16.5969697,118.6606061,11.52878788,2.207878788,8.256060606,3.181818182,NA
1/11/2018,NA,NA,NA,NA,NA,NA,NA,NA,NA
1/12/2018,NA,NA,NA,NA,NA,NA,NA,NA,NA
1/13/2018,NA,NA,NA,NA,NA,NA,NA,NA,NA
1/14/2018,NA,NA,NA,NA,NA,NA,NA,NA,NA
1/15/2018,NA,NA,NA,NA,NA,NA,NA,NA,NA
1/16/2018,NA,NA,NA,NA,NA,NA,NA,NA,NA
1/17/2018,NA,NA,NA,NA,NA,NA,NA,NA,NA
1/18/2018,NA,NA,NA,NA,NA,NA,NA,NA,NA
1/19/2018,NA,NA,NA,NA,NA,NA,NA,NA,NA
1/20/2018,NA,NA,NA,NA,NA,NA,NA,NA,NA
1/21/2018,NA,NA,NA,NA,NA,NA,NA,NA,NA
1/22/2018,NA,NA,NA,NA,NA,NA,NA,NA,NA
1/23/2018,NA,NA,NA,NA,NA,NA,NA,NA,NA
1/24/2018,NA,NA,NA,NA,NA,NA,NA,NA,NA
1/25/2018,NA,NA,NA,NA,NA,NA,NA,NA,NA
1/26/2018,NA,NA,NA,NA,NA,NA,NA,NA,NA
1/27/2018,NA,NA,NA,NA,NA,NA,NA,NA,NA
1/28/2018,NA,NA,NA,NA,NA,NA,NA,NA,NA
1/29/2018,NA,NA,NA,NA,NA,NA,NA,NA,NA
1/30/2018,NA,NA,NA,NA,NA,NA,NA,NA,NA
1/31/2018,14.95384615,30.33230769,18.85897436,159.7923077,14.36923077,2.36974359,8.648717949,7.307692308,NA
2/1/2018,15.03125,30.80697917,19.190625,154.14375,13.80416667,2.288854167,8.609375,7.083333333,NA
2/2/2018,15.01770833,29.34416667,18.21145833,136.4489583,12.29791667,2.1303125,8.508333333,7.895833333,NA
2/3/2018,12.73541667,29.88020833,18.53541667,113.3875,10.75104167,2.199270833,8.480208333,7.78125,NA
2/4/2018,12.46770833,30.2625,18.78645833,124.2989583,11.78020833,2.356979167,8.520833333,5.53125,NA
2/5/2018,14.07604167,31.93395833,19.95520833,132.8197917,12.078125,2.2821875,8.520833333,5.083333333,NA
2/6/2018,15.075,29.5503125,18.33541667,135.8083333,12.225,2.2634375,8.542708333,5.072916667,NA
2/7/2018,15.12916667,28.74864583,17.79895833,107.8739583,9.736458333,2.318958333,8.263541667,5.239583333,NA
2/8/2018,15.50416667,22.97020833,13.94270833,108.3020833,9.911458333,2.149583333,8.082291667,9.239583333,NA
2/9/2018,14.96354167,28.1071875,17.36666667,107.4583333,9.758333333,2.258958333,8.278125,6.739583333,NA
2/10/2018,15.37708333,26.50520833,16.2875,86.1625,7.809375,2.322916667,7.955208333,7.21875,NA
2/11/2018,16.978125,7.4053125,4.203125,70.63958333,6.676041667,2.381979167,6.539583333,37.05208333,NA
2/12/2018,17.43958333,0.2684375,0.148958333,80.784375,7.722916667,2.2659375,6.247916667,62.51041667,NA
2/13/2018,16.92604167,0.198645833,0.113541667,77.11979167,7.467708333,2.291041667,6.203125,48.84375,NA
2/14/2018,18.24479167,4.835729167,2.648958333,72.571875,6.735416667,2.305520833,6.504166667,37.97916667,NA
2/15/2018,19.325,5.420208333,2.954166667,70.51875,6.386458333,2.274166667,6.555208333,34.85416667,NA
2/16/2018,20.353125,5.3053125,2.898958333,68.57083333,6.080208333,2.207395833,6.480208333,27.54166667,NA
2/17/2018,21.765625,7.340208333,4.064583333,69.23541667,5.940625,2.200520833,6.722916667,23.61458333,NA
2/18/2018,22.08333333,7.163854167,3.9625,80.15208333,6.829166667,2.1815625,6.895833333,20.65625,NA
2/19/2018,22.91666667,7.562708333,4.182291667,94.653125,7.932291667,2.245625,7.211458333,19.60416667,NA
2/20/2018,22.55104167,6.763125,3.71875,74.36979167,6.3,2.293958333,6.861458333,18.33333333,NA
2/21/2018,22.37083333,6.669479167,3.6625,61.515625,5.230208333,2.316145833,6.759375,17.63541667,NA
2/22/2018,22.40416667,5.3190625,2.877083333,60.509375,5.1625,2.3025,6.636458333,18.02083333,NA
2/23/2018,22.72916667,4.926458333,2.659375,71.03854167,6.020833333,2.284583333,6.869791667,19.0625,NA
2/24/2018,23.03541667,3.754791667,1.998958333,77.75208333,6.579166667,2.269166667,6.771875,21.08333333,NA
2/25/2018,22.89375,3.192291667,1.679166667,75.07291667,6.397916667,2.221354167,6.595833333,16.82291667,NA
2/26/2018,22.32291667,3.482395833,1.838541667,72.13125,6.195833333,2.215729167,6.583333333,16.5625,NA
2/27/2018,22.13229167,5.707291667,3.122916667,82.91041667,7.06875,2.210104167,6.91875,17.46875,NA
2/28/2018,22.98736842,5.955263158,3.248421053,99.53578947,8.349473684,2.334,7.297894737,17.85263158,NA
3/1/2018,23.303125,4.485416667,2.409375,97.328125,8.179166667,2.385520833,7.058333333,14.35416667,NA
3/2/2018,22.35833333,4.451458333,2.407291667,99.015625,8.454166667,2.1853125,7.3,14.14583333,NA
3/3/2018,21.23125,7.0765625,3.908333333,118.4729167,10.28229167,2.227291667,8.34375,17.64583333,NA
3/4/2018,20.25208333,6.995520833,3.861458333,123.5135417,10.93333333,2.266979167,8.644791667,16.20833333,NA
3/5/2018,20.01041667,6.321041667,3.465625,108.44375,9.665625,2.306770833,8.365625,16.10416667,NA
3/6/2018,20.21979167,4.852604167,2.617708333,100.2395833,8.938541667,2.3471875,7.745833333,12.85416667,NA
3/7/2018,19.02708333,3.667395833,1.95,97.54166667,8.942708333,2.241770833,7.2875,8.8125,NA
3/8/2018,17.50625,4.137395833,2.216666667,102.540625,9.689583333,2.222083333,7.811458333,10.5625,NA
3/9/2018,16.44583333,4.7065625,2.538541667,110.2458333,10.62604167,2.273645833,8.355208333,11.13541667,NA
3/10/2018,16.91458333,5.453229167,2.970833333,119.3072917,11.3375,2.3721875,8.859375,9.802083333,NA
3/11/2018,17.57395833,4.4965625,2.416666667,111.6,10.50729167,2.3909375,8.55625,10.1875,NA
3/12/2018,17.08541667,3.0284375,1.597916667,104.1208333,9.944791667,2.206458333,7.61875,8.75,NA
3/13/2018,16.74791667,2.857708333,1.505208333,113.6552083,10.925,2.215104167,8.007291667,10.69791667,NA
3/14/2018,16.73854167,3.151666667,1.672916667,120.0427083,11.52395833,2.226875,8.175,10.63541667,NA
3/15/2018,16.84791667,3.950104167,2.1125,119.3072917,11.41041667,2.243229167,8.466666667,10.35416667,NA
3/16/2018,17.29375,4.0128125,2.153125,115.7895833,10.97916667,2.284166667,8.548958333,10,NA
3/17/2018,17.90729167,3.300520833,1.745833333,107.246875,10.05625,2.360104167,7.807291667,9.3125,NA
3/18/2018,18.82708333,2.405625,1.251041667,99.19583333,9.166666667,2.343958333,7.154166667,8.479166667,NA
3/19/2018,19.43541667,2.0715625,1.066666667,94.68645833,8.648958333,2.383020833,6.977083333,8.677083333,NA
3/20/2018,19.82604167,1.430520833,0.727083333,101.8729167,9.261458333,2.310208333,6.790625,9.09375,NA
3/21/2018,18.95833333,0.900416667,0.45625,111.134375,10.28333333,2.210625,6.939583333,8.927083333,NA
3/22/2018,18.25625,0.782395833,0.397916667,110.2302083,10.35729167,2.170833333,7.2,10.04166667,NA
3/23/2018,18.00104167,1.295,0.657291667,107.9114583,10.18020833,2.2725,7.58125,12.8125,NA
3/24/2018,18.79166667,1.554583333,0.802083333,108.728125,10.08229167,2.297604167,7.760416667,11.40625,NA
3/25/2018,20.06979167,1.069791667,0.534375,115.7614583,10.47395833,2.320520833,7.64375,9.510416667,NA
3/26/2018,20.53229167,0.917291667,0.458333333,111.2395833,9.98125,2.309166667,7.514583333,10.27083333,NA
3/27/2018,20.15104167,0.994479167,0.503125,108.7708333,9.83125,2.38375,7.661458333,10.45833333,NA
3/28/2018,20.48541667,1.0384375,0.528125,104.9197917,9.421875,2.426770833,7.375,9.15625,NA
3/29/2018,21.35416667,1.672291667,0.864583333,105.6395833,9.3125,2.5140625,7.959375,10.38541667,NA
3/30/2018,21.31875,0.995104167,0.503125,108.8552083,9.616666667,2.37,7.211458333,6.46875,NA
3/31/2018,21.19166667,2.5121875,1.309375,108.98125,9.613541667,2.379270833,7.836458333,10.53125,NA
4/1/2018,21.22395833,4.413958333,2.384375,94.91979167,8.323958333,2.37,7.852083333,12.9375,NA
4/2/2018,21.93645833,4.775104167,2.564583333,94.45208333,8.144791667,2.354375,7.888541667,12.08333333,NA
4/3/2018,22.66770833,3.787708333,2.0125,91.278125,7.791666667,2.386354167,7.689583333,10.35416667,NA
4/4/2018,22.74791667,3.116770833,1.645833333,84.78854167,7.242708333,2.303229167,7.176041667,7.53125,NA
4/5/2018,20.74166667,3.578854167,1.904166667,93.08958333,8.263541667,2.2446875,7.566666667,9.083333333,NA
4/6/2018,20.28020833,3.5528125,1.883333333,95.55833333,8.548958333,2.2728125,7.488541667,9.40625,NA
4/7/2018,20.86041667,2.415,1.25625,86.80104167,7.707291667,2.27625,6.91875,8.177083333,NA
4/8/2018,18.79791667,2.23625,1.165625,84.82395833,7.869791667,2.176458333,6.932291667,8.864583333,NA
4/9/2018,18.35833333,5.27375,2.8625,96.82291667,8.945833333,2.278854167,7.688541667,10.22916667,NA
4/10/2018,19.67708333,6.372083333,3.504166667,94.59583333,8.465625,2.265625,7.464583333,12.08333333,NA
4/11/2018,20.075,8.326145833,4.653125,104.3239583,9.209375,2.278020833,7.757291667,11.97916667,NA
4/12/2018,20.49270833,8.225,4.595833333,102.6729167,8.991666667,2.255520833,7.572916667,10.69791667,NA
4/13/2018,21.37604167,7.376458333,4.084375,97.07291667,8.391666667,2.323541667,7.521875,10.51041667,NA
4/14/2018,22.8,7.531458333,4.165625,91.809375,7.716666667,2.486979167,7.820833333,23.29166667,NA
4/15/2018,21.55625,4.626145833,2.49375,86.22291667,7.495833333,2.387083333,6.895833333,11.70833333,NA
4/16/2018,20.35104167,2.528125,1.321875,81.73854167,7.323958333,2.186979167,6.467708333,11.96875,NA
4/17/2018,19.75416667,2.431458333,1.267708333,81.39270833,7.386458333,2.205104167,6.555208333,27.33333333,NA
4/18/2018,20.18958333,2.451354167,1.280208333,82.23229167,7.398958333,2.331354167,6.710416667,22.54166667,NA
4/19/2018,21.44375,3.436666667,1.844791667,81.8625,7.159375,2.273333333,7.026041667,20.96875,NA
4/20/2018,19.28333333,3.556875,1.9,86.71770833,7.923958333,2.091354167,7.198958333,28.66666667,NA
4/21/2018,19.75833333,4.813645833,2.6,98.29375,8.834375,2.205104167,7.48125,43.05208333,NA
4/22/2018,20.83020833,4.8128125,2.596875,94.90104167,8.348958333,2.36,7.264583333,54.14583333,NA
4/23/2018,21.440625,4.253958333,2.273958333,97.290625,8.466666667,2.372291667,7.364583333,46.46875,NA
4/24/2018,21.521875,3.289479167,1.736458333,94.61666667,8.244791667,2.2240625,7.129166667,67.38541667,NA
4/25/2018,21.93894737,3.223263158,1.701052632,106.28,9.196842105,2.033255814,7.422105263,59.93684211,NA
4/26/2018,22.52395833,3.054166667,1.598958333,104.3885417,8.954166667,2.205625,7.323958333,10.88541667,NA
4/27/2018,22.44375,2.232395833,1.154166667,111.6270833,9.616666667,2.148645833,7.5375,10.33333333,NA
4/28/2018,22.6375,2.285520833,1.18125,104.9020833,9,2.205104167,7.344791667,11.22916667,NA
4/29/2018,22.89895833,1.803125,0.929166667,95.71979167,8.1875,2.113541667,6.888541667,10.63541667,NA
4/30/2018,22.29791667,2.237083333,1.155208333,92.78229167,8.020833333,2.1753125,7.213541667,12.14583333,NA
5/1/2018,22.846875,2.03625,1.046875,94.83333333,8.110416667,2.314270833,7.133333333,13.375,NA
5/2/2018,23.16875,2.043125,1.058333333,87.953125,7.48125,2.321666667,7.097916667,11.32291667,NA
5/3/2018,23.90625,2.1534375,1.10625,92.64270833,7.759375,2.363541667,7.397916667,10.64583333,NA
5/4/2018,23.67083333,1.7665625,0.903125,84.98645833,7.164583333,2.324791667,7.033333333,9.927083333,NA
5/5/2018,24.3,1.5128125,0.765625,89.71458333,7.476041667,2.315729167,6.945833333,9.541666667,NA
5/6/2018,24.47291667,1.129583333,0.570833333,102.5333333,8.522916667,2.1721875,7.130208333,9.5625,NA
5/7/2018,24.29375,1.5425,0.78125,102.61875,8.546875,2.244791667,7.440625,11.63541667,NA
5/8/2018,24.675,1.611458333,0.819791667,96.68854167,8.001041667,2.196354167,7.35625,12.8125,NA
5/9/2018,25.334375,1.734583333,0.873958333,85.78125,6.99375,2.2609375,7.254166667,13.52083333,NA
5/10/2018,25.2875,1.723541667,0.878125,67.22083333,5.5,2.275104167,6.832291667,13.26041667,NA
5/11/2018,25.64270833,2.392708333,1.241666667,52.71979167,4.265625,2.28,6.739583333,12.27083333,NA
5/12/2018,25.94479167,1.513541667,0.763541667,67.22916667,5.433333333,2.297916667,6.607291667,10.97916667,NA
5/13/2018,26.59166667,1.26125,0.635416667,79.28958333,6.345833333,2.289479167,6.682291667,10.6875,NA
5/14/2018,26.47708333,1.288125,0.647916667,75.49270833,6.058333333,2.295729167,6.714583333,10.89583333,NA
5/15/2018,26.00729167,1.231979167,0.613541667,64.384375,5.2125,2.353020833,6.648958333,11.05208333,NA
5/16/2018,26.1125,1.305520833,0.661458333,63.51666667,5.123958333,2.383958333,6.64375,11.83333333,NA
5/17/2018,26.009375,1.357916667,0.683333333,66.728125,5.4,2.42125,6.8125,13.21875,NA
5/18/2018,26.22395833,1.084166667,0.552083333,78.24270833,6.302083333,2.440625,6.677083333,13.38541667,NA
5/19/2018,26.71145833,1.644791667,0.858333333,86.35833333,6.86875,2.416041667,6.8375,11.13541667,NA
5/20/2018,26.87916667,0.866458333,0.430208333,77.53854167,6.175,2.341458333,6.485416667,12.15625,NA
5/21/2018,27.009375,2.101354167,1.101041667,74.68645833,5.901041667,2.3653125,6.630208333,11.22916667,NA
5/22/2018,27.259375,2.799166667,1.460416667,72.70104167,5.713541667,2.426354167,6.7125,9.9375,NA
5/23/2018,27.49375,3.108958333,1.620833333,57.9625,4.5375,2.409479167,6.655208333,12.09375,NA
5/24/2018,27.25104167,2.073020833,1.059375,51.325,4.054166667,2.392291667,6.465625,8.979166667,NA
5/25/2018,27.09270833,1.245625,0.63125,60.60416667,4.8125,2.3315625,6.396875,10.29166667,NA
5/26/2018,26.953125,1.046354167,0.529166667,60.93125,4.853125,2.375208333,6.407291667,11.8125,NA
5/27/2018,27.32083333,3.566458333,1.909375,58.6125,4.6,2.35375,6.6375,9.802083333,NA
5/28/2018,26.87083333,9.5415625,5.365625,59.72083333,4.636458333,2.356458333,7.011458333,7.583333333,NA
5/29/2018,26.84479167,11.44052083,6.50625,55.76666667,4.29375,2.505729167,7.04375,5.75,NA
5/30/2018,27.14166667,9.217708333,5.160416667,59.8125,4.613541667,2.49375,7.053125,8.739583333,NA
5/31/2018,27.32916667,7.24875,3.991666667,56.9125,4.411458333,2.387083333,6.771875,9.25,NA
6/1/2018,27.94166667,6.473229167,3.529166667,61.446875,4.725,2.3659375,6.746875,9.739583333,NA
6/2/2018,28.6375,5.384895833,2.897916667,74.82916667,5.686458333,2.365729167,6.886458333,10.53125,NA
6/3/2018,28.875,4.336041667,2.296875,74.66770833,5.678125,2.292604167,6.775,9.15625,NA
6/4/2018,28.61979167,3.9953125,2.1125,65.746875,5.030208333,2.215208333,6.751041667,9.770833333,NA
6/5/2018,28.33854167,4.340520833,2.305208333,72.90208333,5.604166667,2.2271875,6.890625,11.01041667,NA
6/6/2018,27.48645833,4.991979167,2.688541667,55.60208333,4.328125,2.221458333,6.729166667,9.927083333,NA
6/7/2018,28.13854167,6.26,3.4,67.82604167,5.195833333,2.253333333,7.029166667,11.34375,NA
6/8/2018,28.53333333,5.582395833,3.008333333,67.32395833,5.139583333,2.23375,6.98125,11.6875,NA
6/9/2018,28.125,3.8484375,2.032291667,62.04895833,4.807291667,2.218541667,6.783333333,11.46875,NA
6/10/2018,27.33854167,2.252083333,1.161458333,61.22604167,4.826041667,2.236979167,6.573958333,10.45833333,NA
6/11/2018,27.12708333,1.880520833,0.960416667,61.24166667,4.844791667,2.262708333,6.554166667,11.86458333,NA
6/12/2018,26.31875,1.294895833,0.651041667,63.67708333,5.121875,2.266770833,6.472916667,12.07291667,NA
6/13/2018,24.928125,0.1959375,0.103125,63.53125,5.264583333,2.310104167,6.061458333,21.44791667,NA
6/14/2018,25.01458333,0.173229167,0.088541667,64.2625,5.314583333,2.271041667,5.95625,35.47916667,NA
6/15/2018,25.31041667,0.5875,0.308333333,56.99375,4.679166667,2.289375,6.041666667,34.28125,NA
6/16/2018,26.00416667,1.0709375,0.547916667,64.51770833,5.211458333,2.301145833,6.167708333,27.77083333,NA
6/17/2018,26.8625,0.729791667,0.366666667,72.98854167,5.807291667,2.3015625,6.18125,24.83333333,NA
6/18/2018,26.865625,0.4140625,0.210416667,60.00833333,4.795833333,2.27375,6.026041667,23.20833333,NA
6/19/2018,26.925,0.81625,0.41875,52.81458333,4.2,2.251770833,6.1,22.0625,NA
6/20/2018,27.55729167,1.7184375,0.883333333,51.465625,4.03125,2.248125,6.216666667,17.55208333,NA
6/21/2018,27.58333333,1.313854167,0.666666667,57.15625,4.48125,2.278645833,6.197916667,15.36458333,NA
6/22/2018,28.44479167,1.407395833,0.708333333,66.24166667,5.115625,2.325520833,6.317708333,13.72916667,NA
6/23/2018,28.890625,1.519583333,0.780208333,81.375,6.248958333,2.296875,6.48125,14.53125,NA
6/24/2018,29.51145833,1.878645833,0.977083333,83.27916667,6.314583333,2.294270833,6.597916667,15.03125,NA
6/25/2018,29.83125,2.218333333,1.141666667,75.76458333,5.715625,2.270416667,6.628125,15.14583333,NA
6/26/2018,30.08229167,1.8915625,0.955208333,77.16145833,5.796875,2.2890625,6.617708333,14.42708333,NA
6/27/2018,30.28229167,2.133854167,1.091666667,74.503125,5.573958333,2.3365625,6.677083333,14.375,NA
6/28/2018,30.04583333,1.974791667,1.0125,78.38854167,5.89375,2.3478125,6.759375,14.44791667,NA
6/29/2018,29.68125,1.441041667,0.721875,80.84479167,6.127083333,2.293854167,6.715625,12.69791667,NA
6/30/2018,30.221875,1.599166667,0.8125,84.13958333,6.310416667,2.281979167,6.832291667,14.52083333,NA
7/1/2018,29.63541667,1.755104167,0.897916667,74.81875,5.6625,2.302916667,6.75,14.5,NA
7/2/2018,28.96458333,2.418958333,1.253125,57.83125,4.426041667,2.3371875,6.657291667,12.89583333,NA
7/3/2018,28.62083333,3.121458333,1.635416667,60.521875,4.651041667,2.392604167,6.734375,12.14583333,NA
7/4/2018,28.55104167,3.275208333,1.710416667,70.01041667,5.38125,2.402604167,6.767708333,12.59375,NA
7/5/2018,28.66770833,2.988020833,1.55625,73.95520833,5.670833333,2.399166667,6.735416667,21.35416667,NA
7/6/2018,29.54895833,5.393125,2.895833333,65.41666667,4.914583333,2.407291667,6.960416667,10.07291667,NA
7/7/2018,29.834375,6.1465625,3.329166667,64.115625,4.778125,2.4190625,7.058333333,10.05208333,NA
7/8/2018,29.21354167,5.3134375,2.853125,61.84270833,4.671875,2.426145833,6.889583333,9.53125,NA
7/9/2018,29.015625,5.104375,2.74375,72.19895833,5.459375,2.4196875,6.909375,10.04166667,NA
7/10/2018,29.69166667,6.0109375,3.260416667,78.18020833,5.825,2.377604167,7.004166667,10.60416667,NA
7/11/2018,29.98854167,7.1203125,3.896875,68.64583333,5.086458333,2.344270833,6.941666667,10.5625,NA
7/12/2018,30.13020833,7.6615625,4.220833333,73.46354167,5.416666667,2.394479167,6.901041667,11.22916667,NA
7/13/2018,30.05416667,6.3834375,3.471875,73.72395833,5.465625,2.399270833,6.757291667,10.80208333,NA
7/14/2018,30.09270833,5.7015625,3.078125,79.30833333,5.892708333,2.369166667,6.802083333,11.72916667,NA
7/15/2018,30.24791667,5.491354167,2.959375,80.96145833,6.002083333,2.328125,6.833333333,11,NA
7/16/2018,29.71666667,5.3259375,2.867708333,69.37916667,5.184375,2.381354167,6.76875,10.1875,NA
7/17/2018,28.621875,5.399375,2.923958333,61.46770833,4.6875,2.370625,6.707291667,10.66666667,NA
7/18/2018,27.2125,2.239166667,1.1625,59.69270833,4.705208333,2.280729167,6.303125,10.69791667,NA
7/19/2018,27.534375,2.795208333,1.454166667,59.32291667,4.648958333,2.260729167,6.386458333,12.875,NA
7/20/2018,28.046875,2.733229167,1.414583333,52.14583333,4.051041667,2.277291667,6.38125,12.19791667,NA
7/21/2018,30.01770833,3.654375,1.925,69.88541667,5.208333333,2.294270833,6.794791667,13.73958333,NA
7/22/2018,30.69895833,3.905416667,2.066666667,70.390625,5.20625,2.2778125,6.876041667,14.64583333,NA
7/23/2018,30.06770833,4.03875,2.133333333,62.72708333,4.690625,2.180833333,6.7125,13.78125,NA
7/24/2018,30.04895833,7.536979167,4.142708333,66.9125,4.947916667,2.181770833,7.057291667,13.6875,NA
7/25/2018,30.03229167,9.068020833,5.058333333,71.678125,5.272916667,2.196145833,7.308333333,13.10416667,NA
7/26/2018,30.88541667,14.945625,8.626041667,69.06041667,4.907291667,2.242708333,7.61875,11.29166667,NA
7/27/2018,30.74479167,11.83260417,6.705208333,73.84583333,5.31875,2.275625,7.392708333,10.20833333,NA
7/28/2018,30.77604167,12.22927083,6.94375,70.021875,5.042708333,2.263958333,7.3625,10.86458333,NA
7/29/2018,30.440625,11.1715625,6.304166667,74.940625,5.435416667,2.231458333,7.295833333,10.96875,NA
7/30/2018,30.03958333,11.62739583,6.586458333,75.640625,5.516666667,2.2959375,7.325,11.96875,NA
7/31/2018,29.934375,10.57697917,5.948958333,73.33854167,5.373958333,2.324583333,7.301041667,11.51041667,NA
8/1/2018,29.49895833,12.08458333,6.872916667,72.39375,5.31875,2.332395833,7.452083333,13.04166667,NA
8/2/2018,28.925,13.34104167,7.647916667,75.47291667,5.582291667,2.351458333,7.58125,12.86458333,NA
8/3/2018,28.99895833,12.6846875,7.241666667,80.58125,5.955208333,2.353645833,7.619791667,12.42708333,NA
8/4/2018,29.48125,11.77416667,6.680208333,70.125,5.161458333,2.373854167,7.486458333,11.03125,NA
8/5/2018,30.72395833,11.93,6.761458333,81.90833333,5.867708333,2.382604167,7.848958333,11.78125,NA
8/6/2018,32.1875,14.70666667,8.455208333,85.525,5.944791667,2.3825,7.989583333,11.97916667,NA
8/7/2018,31.80416667,13.838125,7.94375,86.25729167,6.059375,2.3628125,7.760416667,11.61458333,NA
8/8/2018,31.17291667,14.2278125,8.176041667,57.64166667,4.094791667,2.4028125,7.398958333,11.64583333,NA
8/9/2018,31.18958333,15.85489583,9.20625,57.89270833,4.082291667,2.424895833,7.392708333,10.58333333,NA
8/10/2018,29.40729167,14.50020833,8.378125,58.28854167,4.257291667,2.406354167,7.164583333,10.28125,NA
8/11/2018,29.184375,16.48010417,9.611458333,53.90416667,3.933333333,2.332395833,7.230208333,12.20833333,NA
8/12/2018,29.503125,15.66989583,9.09375,63.753125,4.630208333,2.292291667,7.301041667,13.27083333,NA
8/13/2018,29.93157895,15.22715789,8.810526316,63.05473684,4.552631579,2.303684211,7.368421053,13.33684211,NA
8/14/2018,30.26875,16.0146875,9.30625,71.42708333,5.110416667,2.363958333,7.557291667,13.42708333,NA
8/15/2018,30.81770833,15.30135417,8.848958333,59.165625,4.20625,2.368854167,7.433333333,11.28125,NA
8/16/2018,31.028125,14.21166667,8.167708333,53.1375,3.776041667,2.450729167,7.457291667,16.19791667,NA
8/17/2018,30.45,12.26385417,6.96875,47.11145833,3.403125,2.447916667,7.2125,8.885416667,NA
8/18/2018,29.71041667,10.33041667,5.805208333,56.728125,4.177083333,2.4290625,7.084375,9.5,NA
8/19/2018,27.70104167,5.4746875,2.98125,59.65520833,4.620833333,2.3865625,6.577083333,15.5625,NA
8/20/2018,26.38958333,2.87,1.494791667,56.80729167,4.545833333,2.4009375,6.291666667,16.42708333,NA
8/21/2018,26.09270833,1.542916667,0.783333333,57.40729167,4.634375,2.468958333,6.194791667,17.86458333,NA
8/22/2018,26.140625,0.628854167,0.313541667,61.20208333,4.945833333,2.350729167,6.154166667,20.60416667,NA
8/23/2018,28.64177215,8.80164557,4.941772152,75.06455696,5.641772152,2.300253165,7.02278481,16.56962025,NA
8/24/2018,28.784375,13.34010417,7.652083333,73.82708333,5.46875,2.416145833,7.340625,12.45833333,NA
8/25/2018,29.434375,15.94020833,9.271875,64.35625,4.66875,2.477916667,7.351041667,11.71875,NA
8/26/2018,29.27395833,14.93739583,8.641666667,54.09479167,3.951041667,2.453229167,7.198958333,11.33333333,NA
8/27/2018,29.46145833,14.37145833,8.279166667,38.53020833,2.810416667,2.453958333,7.058333333,11.48958333,NA
8/28/2018,29.66875,13.40395833,7.677083333,28.28333333,2.06875,2.47125,6.984375,11.46875,NA
8/29/2018,30.32083333,13.74260417,7.886458333,40.93125,2.940625,2.4790625,7.140625,10.85416667,NA
8/30/2018,30.61666667,14.31614583,8.238541667,42.59791667,3.055208333,2.455,7.214583333,10.42708333,NA
8/31/2018,30.06145833,13.58885417,7.790625,69.475,5.040625,2.472916667,7.504166667,11.23958333,NA
9/1/2018,29.590625,13.19520833,7.557291667,65.74895833,4.803125,2.518229167,7.4125,9.447916667,NA
9/2/2018,28.88854167,11.19072917,6.332291667,57.52291667,4.289583333,2.479270833,7.135416667,9.260416667,NA
9/3/2018,29.07291667,11.75208333,6.676041667,81.63125,6.046875,2.4821875,7.344791667,10.65625,NA
9/4/2018,28.484375,12.66625,7.244791667,71.36770833,5.323958333,2.429791667,7.21875,13.52083333,NA
9/5/2018,25.16354167,3.95125,2.194791667,71.23541667,5.798958333,2.744791667,6.592708333,52.05208333,NA
9/6/2018,24.88854167,0.091666667,0.035416667,71.59479167,5.9375,2.5309375,6.005208333,48.1875,NA
9/7/2018,25.63333333,0.25625,0.145833333,62.93333333,5.148958333,2.4775,6.021875,32.82291667,NA
9/8/2018,27.38229167,4.633541667,2.503125,49.19270833,3.852083333,2.482708333,6.413541667,24.71875,NA
9/9/2018,28.6,6.607083333,3.611458333,57.95104167,4.405208333,2.531979167,6.613541667,15.41666667,NA
9/10/2018,28.31354167,4.575729167,2.442708333,60.675,4.657291667,2.495625,6.51875,13.58333333,NA
9/11/2018,28.23473684,4.376947368,2.333684211,56.28421053,4.326315789,2.484315789,6.403157895,11.55789474,NA
9/12/2018,27.54375,2.959270833,1.552083333,59.56041667,4.65625,2.4559375,6.24375,13.46875,NA
9/13/2018,27.37604167,2.534479167,1.311458333,55.67916667,4.385416667,2.443541667,6.202083333,13.14583333,NA
9/14/2018,29.56041667,5.0859375,2.739583333,79.74791667,5.923958333,2.431875,6.688541667,13.63541667,NA
9/15/2018,30.84166667,6.341145833,3.439583333,86.37708333,6.264583333,2.371041667,6.905208333,11.82291667,NA
9/16/2018,32.19166667,7.8415625,4.302083333,81.14270833,5.738541667,2.405104167,7.080208333,11.14583333,NA
9/17/2018,32.45625,8.500208333,4.685416667,71.29479167,5.016666667,2.4075,7.094791667,10.92708333,NA
9/18/2018,31.84479167,7.37875,4.027083333,66.084375,4.725,2.4440625,6.851041667,12.16666667,NA
9/19/2018,32.29895833,8.556666667,4.721875,72.29479167,5.1125,2.442604167,7.094791667,12.57291667,NA
9/20/2018,31.84270833,9.138333333,5.069791667,62.38333333,4.440625,2.480833333,6.888541667,12.30208333,NA
9/21/2018,31.6125,10.1496875,5.676041667,75.78645833,5.403125,2.499375,7.341666667,12.08333333,NA
9/22/2018,30.57916667,8.977604167,4.978125,60.53854167,4.417708333,2.4903125,6.972916667,10.38541667,NA
9/23/2018,30.08020833,8.112395833,4.478125,66.275,4.885416667,2.5284375,6.921875,11.82291667,NA
9/24/2018,29.759375,9.131979167,5.090625,64.98125,4.798958333,2.553229167,6.945833333,9.916666667,NA
9/25/2018,29.15416667,8.210833333,4.540625,49.29166667,3.694791667,2.536666667,6.813541667,9.854166667,NA
9/26/2018,29.221875,7.690833333,4.229166667,57.51770833,4.30625,2.503645833,6.809375,13.16666667,NA
9/27/2018,28.48020833,5.428229167,2.930208333,49.60416667,3.786458333,2.494583333,6.564583333,10.125,NA
9/28/2018,26.76875,3.1434375,1.654166667,57.37291667,4.532291667,2.47,6.402083333,11.08333333,NA
9/29/2018,27.64583333,4.374375,2.363541667,87.61979167,6.736458333,2.376041667,6.751041667,13.54166667,NA
9/30/2018,29.73958333,9.813854167,5.490625,99.46458333,7.3,2.383645833,7.3875,11.94791667,NA
10/1/2018,29.61666667,11.46270833,6.490625,91.32708333,6.709375,2.412395833,7.436458333,9.885416667,NA
10/2/2018,29.915625,13.1853125,7.552083333,94.08229167,6.823958333,2.420729167,7.532291667,9.229166667,NA
10/3/2018,30.23854167,13.72708333,7.880208333,97.75,7.054166667,2.435833333,7.558333333,7.770833333,NA
10/4/2018,30.27708333,15.48677083,8.96875,83.54375,5.98125,2.450729167,7.509375,7.885416667,NA
10/5/2018,30.31458333,16.06677083,9.334375,71.38958333,5.104166667,2.476041667,7.352083333,8.84375,NA
10/6/2018,29.79583333,15.91197917,9.246875,68.63645833,4.9625,2.569270833,7.298958333,8.75,NA
10/7/2018,29.66770833,15.6753125,9.097916667,55.09583333,3.994791667,2.5815625,7.136458333,8.260416667,NA
10/8/2018,28.8,16.10416667,9.382291667,64.73333333,4.7625,2.644166667,7.311458333,9.010416667,NA
10/9/2018,28.19166667,19.25833333,11.41770833,68.24166667,5.014583333,2.778541667,7.385416667,7.9375,NA
10/10/2018,27.553125,21.25385417,12.71041667,68.74895833,5.082291667,2.7971875,7.38125,11.07291667,NA
10/11/2018,27.38854167,19.13958333,11.34583333,81.5125,6.028125,2.562708333,7.3625,9,NA
10/12/2018,26.26041667,19.65083333,11.684375,108.828125,8.269791667,2.4284375,7.68125,11.01041667,NA
10/13/2018,26.06666667,18.720625,11.07916667,108.709375,8.2625,2.44875,7.64375,8.677083333,NA
10/14/2018,26.67291667,17.71802083,10.43125,109.5208333,8.284375,2.473958333,7.716666667,8.322916667,NA
10/15/2018,27.346875,17.56625,10.328125,89.89895833,6.711458333,2.475208333,7.569791667,8.260416667,NA
10/16/2018,28.25208333,18.119375,10.665625,77.96041667,5.710416667,2.473125,7.490625,8.885416667,NA
10/17/2018,29.05625,20.05,11.90208333,84.74479167,6.097916667,2.433854167,7.676041667,9.6875,NA
10/18/2018,26.79479167,19.2865625,11.43229167,78.81770833,5.913541667,2.4196875,7.577083333,10.97916667,NA
10/19/2018,25.81041667,18.16458333,10.73020833,94.55729167,7.251041667,2.445625,7.85,9.84375,NA
10/20/2018,26.11979167,17.40010417,10.23854167,62.74270833,4.808333333,2.4371875,7.325,9.09375,NA
10/21/2018,24.60520833,15.75104167,9.208333333,77.21666667,6.129166667,2.259270833,7.319791667,10.54166667,NA
10/22/2018,21.72604167,17.9696875,10.63541667,91.18645833,7.535416667,2.408125,7.775,10.82291667,NA
10/23/2018,21.72708333,19.264375,11.478125,75.46979167,6.210416667,2.443020833,7.517708333,9.28125,NA
10/24/2018,22.13333333,20.20125,12.08541667,65.10104167,5.29375,2.440833333,7.30625,8.78125,NA
10/25/2018,21.9625,20.64041667,12.37604167,60.28020833,4.933333333,2.422916667,7.19375,9.166666667,NA
10/26/2018,21.75416667,19.6275,11.71979167,60.88645833,4.992708333,2.469375,7.090625,8.229166667,NA
10/27/2018,22.02083333,21.85739583,13.16875,73.13645833,5.923958333,2.325520833,7.238541667,8.520833333,NA
10/28/2018,22.54375,20.86041667,12.515625,82.89895833,6.671875,2.267395833,7.344791667,8.302083333,NA
10/29/2018,23.62916667,19.65114583,11.71354167,98.97291667,7.81875,2.253645833,7.517708333,8.125,NA
10/30/2018,24.78958333,20.9196875,12.521875,111.20625,8.585416667,2.255,7.842708333,6.927083333,NA
10/31/2018,25.196875,20.7659375,12.41875,98.61145833,7.577083333,2.359791667,7.808333333,6.708333333,NA
11/1/2018,23.76145833,19.25416667,11.48333333,69.23020833,5.445833333,2.608958333,7.314583333,13.65625,NA
11/2/2018,22.03958333,14.7925,8.642708333,55.74583333,4.64375,2.344583333,6.848958333,9.635416667,NA
11/3/2018,21.65833333,18.35833333,10.90729167,69.31354167,5.735416667,2.308125,7.144791667,8.427083333,NA
11/4/2018,21.17291667,14.24166667,8.284375,76.4125,6.477083333,2.297083333,7.054166667,8.625,NA
11/5/2018,21.32395833,15.73958333,9.232291667,78.31770833,6.570833333,2.3659375,7.1875,5.177083333,NA
11/6/2018,21.76666667,14.38854167,8.369791667,58.521875,4.898958333,2.346458333,6.911458333,2.947916667,NA
11/7/2018,22.575,14.30760417,8.315625,67.96666667,5.58125,2.343229167,7.06875,3.1875,NA
11/8/2018,23.65104167,15.644375,9.15,84.021875,6.714583333,2.301875,7.355208333,4.59375,NA
11/9/2018,24.09166667,15.50145833,9.0625,82.69270833,6.598958333,2.2309375,7.214583333,4.989583333,NA
11/10/2018,19.865625,11.63791667,6.683333333,81.02291667,7.105208333,2.030520833,7.15,7.916666667,NA
11/11/2018,18.303125,20.7378125,12.46354167,100.75,8.786458333,2.231041667,7.845833333,6.645833333,NA
11/12/2018,18.75104167,22.89302083,13.88020833,95.409375,8.198958333,2.3896875,7.789583333,3.145833333,NA
11/13/2018,18.584375,18.2659375,10.87604167,81.21666667,7.122916667,2.253125,7.355208333,2.6875,NA
11/14/2018,15.98958333,20.24,12.14166667,81.05833333,7.448958333,2.219270833,7.4625,2.5625,NA
11/15/2018,14.14583333,19.151875,11.43645833,93.53854167,8.958333333,2.1028125,7.602083333,2.291666667,NA
11/16/2018,14.53854167,20.89572917,12.5625,115.3645833,10.86145833,2.1871875,8.032291667,2.625,NA
11/17/2018,15.7875,21.25020833,12.803125,128.165625,11.75625,2.206145833,8.1375,3,NA
11/18/2018,16.61770833,21.25166667,12.80104167,137.2354167,12.375,2.281458333,8.226041667,3.645833333,NA
11/19/2018,17.275,21.17166667,12.74791667,140.3760417,12.49895833,2.316770833,8.190625,3.677083333,NA
11/20/2018,17.728125,21.3503125,12.8625,144.246875,12.709375,2.333020833,8.188541667,2.677083333,NA
11/21/2018,17.35520833,21.69229167,13.08958333,130.859375,11.61041667,2.271666667,8.130208333,2.677083333,NA
11/22/2018,16.4125,23.34770833,14.17916667,124.2520833,11.16354167,2.287083333,8.152083333,1.916666667,NA
11/23/2018,15.96041667,22.69364583,13.74479167,122.2125,11.11041667,2.322395833,8.180208333,1.104166667,NA
11/24/2018,16.7375,21.63083333,13.05,118.6927083,10.640625,2.405833333,8.06875,0.739583333,NA
11/25/2018,17.70104167,22.09760417,13.35208333,112.234375,9.86875,2.3934375,7.984375,1.5625,NA
11/26/2018,16.83645833,17.098125,10.15625,95.29895833,8.677083333,2.320104167,7.427083333,2.020833333,NA
11/27/2018,15.55,20.0453125,12.02291667,105.5489583,9.795833333,2.179479167,7.853125,2.958333333,NA
11/28/2018,14.67604167,18.9590625,11.3125,114.76875,10.88229167,2.183333333,8.086458333,2.03125,NA
11/29/2018,14.921875,19.09072917,11.39583333,115.1010417,10.84479167,2.262395833,8.046875,1.822916667,NA
11/30/2018,15.75104167,17.84322917,10.5875,100.7260417,9.364583333,2.325208333,7.836458333,2.84375,NA
12/1/2018,17.4875,15.58458333,9.151041667,91.84895833,8.311458333,2.5509375,7.621875,6.302083333,NA
12/2/2018,17.87291667,10.0978125,5.744791667,66.58125,6.10625,2.475208333,6.763541667,6.46875,NA
12/3/2018,19.35833333,12.89604167,7.45,65.47395833,5.775,2.382604167,6.998958333,7.729166667,NA
12/4/2018,18.34479167,12.88604167,7.446875,73.740625,6.666666667,2.256354167,7.155208333,7.114583333,NA
12/5/2018,16.596875,16.50666667,9.742708333,85.30520833,7.872916667,2.234375,7.480208333,5.5,NA
12/6/2018,15.33020833,17.42979167,10.321875,109.4854167,10.32291667,2.2459375,7.8625,3.708333333,NA
12/7/2018,15.240625,17.66260417,10.475,126.175,11.871875,2.295833333,8.107291667,3.65625,NA
12/8/2018,14.79791667,18.9265625,11.284375,115.7895833,10.93958333,2.434895833,8.09375,4.333333333,NA
12/9/2018,14.86770833,11.4675,6.598958333,80.528125,7.820833333,2.394375,7.053125,9.09375,NA
12/10/2018,13.515625,11.00385417,6.335416667,89.78229167,8.99375,2.26,7.267708333,11.45833333,NA
12/11/2018,13.24895833,15.2584375,8.9375,111.7770833,11.07083333,2.213958333,7.9375,7.666666667,NA
12/12/2018,14.2875,16.9328125,10.00520833,136.0197917,13.096875,2.296770833,8.320833333,10,NA
12/13/2018,14.41458333,17.68114583,10.48854167,125.0552083,11.97916667,2.397604167,8.230208333,9.0625,NA
12/14/2018,14.81875,10.53541667,6.052083333,90.49166667,8.8125,2.617604167,7.18125,15.375,NA
12/15/2018,14.93854167,2.22125,1.169791667,77.3125,7.7625,2.518125,6.473958333,35.84375,NA
12/16/2018,14.921875,2.4840625,1.314583333,78.67395833,7.886458333,2.330729167,6.552083333,33.21875,NA
12/17/2018,15.01354167,5.635625,3.080208333,82.940625,8.208333333,2.316354167,6.907291667,25.25,NA
12/18/2018,14.82916667,7.129895833,3.959375,78.60208333,7.775,2.3071875,6.955208333,21.02083333,NA
12/19/2018,14.95416667,11.32697917,6.497916667,74.13854167,7.207291667,2.363645833,7.064583333,17.67708333,NA
12/20/2018,15.1375,9.050416667,5.132291667,71.68645833,6.995833333,2.446979167,6.8875,13.0625,NA
12/21/2018,14.24583333,3.382916667,1.820833333,74.68020833,7.583333333,2.271979167,6.555208333,31.1875,NA
12/22/2018,14.034375,2.798125,1.477083333,78.58958333,8.007291667,2.2434375,6.55625,28.9375,NA
12/23/2018,14.67395833,2.676354167,1.416666667,83.175,8.352083333,2.278229167,6.597916667,25.08333333,NA
12/24/2018,14.91458333,2.731145833,1.446875,90.41458333,9.023958333,2.255416667,6.808333333,22.35416667,NA
12/25/2018,15.0625,3.946041667,2.133333333,97.04166667,9.601041667,2.3021875,7.0625,19.52083333,NA
12/26/2018,15.66979167,5.315833333,2.9,102.26875,9.976041667,2.3475,7.26875,16.38541667,NA
12/27/2018,16.15729167,8.8278125,4.9625,97.0625,9.271875,2.548541667,7.530208333,13.95833333,NA
12/28/2018,16.54583333,5.495625,3.045833333,80.14895833,7.677083333,2.531458333,6.848958333,13.10416667,NA
12/29/2018,17.22395833,0.448333333,0.225,77.57291667,7.457291667,2.382291667,6.245833333,37.26041667,NA
12/30/2018,17.45208333,1.466041667,0.760416667,72.31979167,6.905208333,2.343333333,6.353125,37,NA
12/31/2018,18.353125,1.054895833,0.53125,76.02916667,7.121875,2.441041667,6.451041667,33.79166667,NA
1/1/2019,18.50833333,0.482291667,0.246875,69.315625,6.492708333,2.385208333,6.272916667,27.46875,NA
1/2/2019,19.33229167,3.014583333,1.615625,64.91666667,5.934375,2.335729167,6.48125,20.07291667,NA
1/3/2019,19.43541667,4.375520833,2.410416667,65.521875,5.95,2.293541667,6.544791667,16.48958333,NA
1/4/2019,19.14895833,4.4446875,2.420833333,66.75520833,6.09375,2.487708333,6.620833333,14.01041667,NA
1/5/2019,18.24375,1.969895833,1.047916667,76.50208333,7.160416667,2.260520833,6.515625,14.14583333,NA
1/6/2019,17.86666667,3.064375,1.636458333,81.621875,7.659375,2.250729167,6.658333333,17.91666667,NA
1/7/2019,17.79270833,5.236458333,2.855208333,86.33541667,8.0625,2.313125,6.863541667,16.64583333,NA
1/8/2019,18.390625,6.603020833,3.642708333,97.26145833,8.926041667,2.375729167,7.190625,13.44791667,NA
1/9/2019,17.10416667,4.867291667,2.6625,95.01875,8.990625,2.253958333,7.14375,11.9375,NA
1/10/2019,15.34375,5.4353125,2.975,98.253125,9.657291667,2.218333333,7.3375,11.19791667,NA
1/11/2019,14.58333333,8.440104167,4.735416667,116.0625,11.48020833,2.322604167,8.358333333,10.22916667,NA
1/12/2019,14.42916667,7.775208333,4.335416667,108.2916667,10.76875,2.44625,8.03125,9.75,NA
1/13/2019,15.05729167,5.979375,3.291666667,89.2375,8.8125,2.370104167,7.189583333,8.947916667,NA
1/14/2019,13.90520833,6.231354167,3.432291667,90.31979167,9.132291667,2.294583333,7.494791667,9.479166667,NA
1/15/2019,12.36145833,5.823958333,3.189583333,90.61354167,9.507291667,2.279895833,7.410416667,8.90625,NA
1/16/2019,12.14375,5.485729167,2.986458333,91.20416667,9.622916667,2.313020833,7.283333333,8.697916667,NA
1/17/2019,12.86666667,4.436770833,2.386458333,84.80729167,8.8375,2.338229167,6.975,7.822916667,NA
1/18/2019,14.56,3.489684211,1.855789474,83.37052632,8.393684211,2.295368421,6.690526316,5.526315789,NA
1/19/2019,15.703125,3.600729167,1.913541667,85.68541667,8.413541667,2.431875,6.673958333,9.40625,NA
1/20/2019,13.971875,3.010729167,1.591666667,84.49375,8.657291667,2.197604167,6.623958333,6.5625,NA
1/21/2019,13.49479167,2.637395833,1.379166667,90.421875,9.344791667,2.191458333,6.610416667,5.854166667,NA
1/22/2019,13.2875,2.287395833,1.195833333,91.19583333,9.48125,2.298854167,6.60625,7.15625,NA
1/23/2019,14.134375,3.258854167,1.729166667,95.74479167,9.74375,2.637083333,6.960416667,14.51041667,NA
1/24/2019,14.409375,1.23125,0.625,84.60729167,8.613541667,2.406145833,6.359375,6.614583333,NA
1/25/2019,13.82291667,0.99,0.501041667,85.88645833,8.857291667,2.268229167,6.280208333,5.854166667,NA
1/26/2019,13.61458333,1.841145833,0.955208333,86.2875,8.923958333,2.259166667,6.466666667,9.583333333,NA
1/27/2019,13.27083333,2.040729167,1.054166667,86.53020833,9.008333333,2.2940625,6.542708333,11.11458333,NA
1/28/2019,12.78020833,1.935833333,1.001041667,84.171875,8.865625,2.2096875,6.477083333,11.33333333,NA
1/29/2019,13.05,1.3628125,0.692708333,84.98645833,8.908333333,2.113020833,6.4,14.23958333,NA
1/30/2019,11.73333333,1.812604167,0.939583333,92.73541667,10.015625,2.285729167,6.723958333,13.63541667,NA
1/31/2019,11.896875,2.627708333,1.396875,101.2489583,10.82916667,2.3078125,7.003125,10.72916667,NA
2/1/2019,11.93854167,4.151041667,2.245833333,104.8229167,11.153125,2.3946875,7.228125,9.84375,NA
2/2/2019,12.71458333,4.589375,2.477083333,110.26875,11.496875,2.397083333,7.45,8.46875,NA
2/3/2019,14.28020833,4.669479167,2.526041667,118.9541667,11.96979167,2.36125,7.628125,9.010416667,NA
2/4/2019,15.34166667,4.584583333,2.473958333,116.9322917,11.51145833,2.362291667,7.41875,9.875,NA
2/5/2019,16.203125,4.12875,2.214583333,112.8822917,10.93229167,2.371770833,7.135416667,8.520833333,NA
2/6/2019,16.83958333,2.972916667,1.56875,102.0010417,9.789583333,2.360833333,6.694791667,6.354166667,NA
2/7/2019,18.3375,2.013541667,1.033333333,99.03541667,9.242708333,2.353125,6.54375,6.958333333,NA
2/8/2019,18.471875,1.462708333,0.748958333,93.01041667,8.684375,2.1853125,6.411458333,9.145833333,NA
2/9/2019,16.21041667,1.9528125,1.009375,98.38645833,9.622916667,2.1953125,6.8375,11.96875,NA
2/10/2019,15.00729167,3.4,1.804166667,100.5854167,10.0375,2.3296875,7.119791667,11.14583333,NA
2/11/2019,15.365625,4.834791667,2.613541667,102.3541667,10.084375,2.33625,7.344791667,8.895833333,NA
2/12/2019,16.63645833,2.869166667,1.509375,90.07083333,8.691666667,2.410104167,6.7125,7.697916667,NA
2/13/2019,15.96770833,2.2746875,1.186458333,92.67708333,9.097916667,2.185833333,6.715625,7.583333333,NA
2/14/2019,15.35,3.7534375,2.015625,98.98020833,9.7875,2.2496875,7.146875,8.822916667,NA
2/15/2019,16.29583333,3.683854167,1.961458333,104.6,10.13020833,2.288541667,7.28125,9.125,NA
2/16/2019,17.56875,4.087916667,2.197916667,103.9697917,9.772916667,2.311979167,7.295833333,8.34375,NA
2/17/2019,19.184375,4.112916667,2.210416667,102.846875,9.358333333,2.333541667,7.171875,8.864583333,NA
2/18/2019,18.07395833,5.034583333,2.8125,93.365625,8.6875,2.2228125,6.888541667,8.739583333,NA
2/19/2019,16.52916667,15.929375,9.415625,91.009375,8.413541667,2.313645833,7.538541667,7.729166667,NA
2/20/2019,17.509375,11.7421875,6.747916667,99.37395833,9.129166667,2.405833333,7.520833333,6.052083333,NA
2/21/2019,19.33541667,10.50458333,5.96875,101.8489583,9.041666667,2.345416667,7.586458333,8.020833333,NA
2/22/2019,20.60736842,11.08789474,6.325263158,98.60210526,8.536842105,2.330315789,7.596842105,9.210526316,NA
2/23/2019,20.190625,9.925729167,5.616666667,76.55416667,6.708333333,2.394166667,6.911458333,7.604166667,NA
2/24/2019,20.684375,5.880416667,3.228125,87.40104167,7.680208333,2.281041667,6.836458333,6.989583333,NA
2/25/2019,18.8875,6.963229167,3.846875,104.721875,9.561458333,2.242395833,7.579166667,8.15625,NA
2/26/2019,17.80625,7.509895833,4.169791667,103.54375,9.601041667,2.311354167,7.653125,9.75,NA
2/27/2019,18.77604167,6.262708333,3.436458333,107.6510417,9.815625,2.391145833,7.615625,7.927083333,NA
2/28/2019,19.54375,4.8675,2.627083333,93.16458333,8.422916667,2.342708333,6.794791667,6.416666667,NA
3/1/2019,19.95833333,4.045416667,2.158333333,87.875,7.9,2.360104167,6.607291667,6.21875,NA
3/2/2019,20.53125,3.181875,1.678125,86.88958333,7.733333333,2.3225,6.514583333,6.354166667,NA
3/3/2019,20.85729167,3.1909375,1.684375,88.98125,7.872916667,2.346041667,6.752083333,7.40625,NA
3/4/2019,18.86041667,1.661979167,0.852083333,78.93125,7.319791667,2.2134375,6.379166667,6.479166667,NA
3/5/2019,17.284375,1.545,0.792708333,88.75,8.492708333,2.232604167,6.595833333,7.208333333,NA
3/6/2019,16.14479167,1.6240625,0.83125,95.40520833,9.34375,2.2184375,6.828125,12.75,NA
3/7/2019,15.515625,2.326770833,1.2125,101.1416667,10.01145833,2.300208333,7.33125,13.39583333,NA
3/8/2019,16.44479167,2.418541667,1.263541667,102.2239583,9.925,2.412708333,7.295833333,12.80208333,NA
3/9/2019,17.06875,1.810729167,0.932291667,89.39791667,8.578125,2.4790625,6.75625,12.9375,NA
3/10/2019,17.96979167,1.1590625,0.584375,84.4875,7.984375,2.493020833,6.479166667,12.4375,NA
3/11/2019,19.00208333,0.87625,0.444791667,87.775,8.126041667,2.439270833,6.43125,11.21875,NA
3/12/2019,19.37916667,0.979791667,0.503125,102.5052083,9.396875,2.386041667,6.979166667,10.39583333,NA
3/13/2019,19.54479167,1.04375,0.523958333,101.50625,9.29375,2.453645833,6.936458333,11.4375,NA
3/14/2019,20.3625,1.276354167,0.646875,100.5729167,9.04375,2.538333333,7.25625,11.41666667,NA
3/15/2019,20.65104167,0.5653125,0.2875,95.33541667,8.545833333,2.457916667,6.710416667,9.979166667,NA
3/16/2019,19.3875,0.7584375,0.389583333,90.16979167,8.297916667,2.345,6.809375,11.65625,NA
3/17/2019,17.99375,1.275625,0.655208333,98.85104167,9.340625,2.3615625,7.4875,11.22916667,NA
3/18/2019,17.09375,1.3553125,0.689583333,101.2489583,9.748958333,2.324791667,7.544791667,11.96875,NA
3/19/2019,16.99270833,1.512083333,0.777083333,104.3416667,10.03854167,2.2678125,7.675,13.03125,NA
3/20/2019,17.10520833,3.006041667,1.602083333,106.9697917,10.20416667,2.303854167,7.686458333,12.44791667,NA
3/21/2019,17.81770833,3.3653125,1.792708333,110.1416667,10.353125,2.309270833,7.79375,12.75,NA
3/22/2019,17.93854167,2.7425,1.435416667,108.88125,10.228125,2.228854167,7.720833333,12.21875,NA
3/23/2019,18.359375,2.88375,1.514583333,107.1770833,9.988541667,2.353958333,7.873958333,15.38541667,NA
3/24/2019,18.30104167,2.353541667,1.21875,103.571875,9.678125,2.364895833,7.473958333,14.08333333,NA
3/25/2019,18.96770833,2.327604167,1.20625,103.834375,9.575,2.472604167,7.646875,13.70833333,NA
3/26/2019,19.2375,1.524895833,0.779166667,103.696875,9.53125,2.2928125,7.301041667,19.30208333,NA
3/27/2019,18.50416667,1.625416667,0.838541667,106.8364583,9.954166667,2.3046875,7.1,26.78125,NA
3/28/2019,18.64583333,1.741666667,0.904166667,112.7895833,10.47395833,2.331145833,NA,7.78125,NA
3/29/2019,19.25208333,1.5946875,0.817708333,117.5010417,10.77708333,2.338854167,NA,7.635416667,NA
3/30/2019,19.91875,1.4884375,0.758333333,112.9645833,10.23645833,2.393125,NA,6.875,NA
3/31/2019,18.95520833,1.340104167,0.689583333,106.9885417,9.898958333,2.250625,NA,7.052083333,NA
4/1/2019,17.76145833,2.2221875,1.151041667,107.053125,10.11458333,2.352083333,NA,8.052083333,NA
4/2/2019,18.36354167,2.304583333,1.202083333,112.196875,10.46354167,2.376979167,NA,8.322916667,NA
4/3/2019,18.52395833,2.678958333,1.4,110.234375,10.240625,2.353020833,NA,7.770833333,NA
4/4/2019,18.934375,2.2475,1.175,102.1458333,9.419791667,2.352708333,NA,7.666666667,NA
4/5/2019,18.4125,1.236979167,0.626041667,82.57083333,7.732291667,2.4221875,NA,6.854166667,NA
4/6/2019,18.76770833,0.6890625,0.341666667,80.13333333,7.455208333,2.403541667,NA,5.854166667,NA
4/7/2019,19.74583333,0.404166667,0.19375,82.003125,7.488541667,2.415729167,NA,6.229166667,NA
4/8/2019,20.88645833,0.961979167,0.486458333,86.83958333,7.734375,2.438854167,NA,9.15625,NA
4/9/2019,20.73020833,0.857395833,0.432291667,81.30208333,7.266666667,2.3809375,NA,8.770833333,NA
4/10/2019,21.24583333,2.458541667,1.292708333,83.60520833,7.361458333,2.317291667,NA,8.84375,NA
4/11/2019,22.56041667,2.526770833,1.319791667,93.471875,8.014583333,2.345416667,NA,8.427083333,NA
4/12/2019,22.99583333,2.619791667,1.36875,90.17395833,7.666666667,2.3715625,6.853488372,7.75,NA
4/13/2019,23.77291667,3.4928125,1.848958333,96.43958333,8.041666667,2.383958333,7.138541667,8.25,NA
4/14/2019,24.05520833,3.664479167,1.958333333,97.5875,8.107291667,2.5221875,7.007291667,9.71875,NA
4/15/2019,22.27291667,3.461354167,1.857291667,94.57604167,8.125,2.27375,6.858333333,10.47916667,NA
4/16/2019,22.21979167,3.820104167,2.033333333,102.2510417,8.794791667,2.254791667,7.003125,9.864583333,NA
4/17/2019,22.984375,4.522083333,2.420833333,99.384375,8.401041667,2.257083333,7.045833333,9.927083333,NA
4/18/2019,23.70520833,4.9296875,2.658333333,100.55,8.378125,2.400833333,7.521875,16.5,NA
4/19/2019,22.51145833,3.4453125,1.822916667,81.34791667,6.976041667,2.359895833,6.638541667,13.52083333,NA
4/20/2019,20.68645833,1.612916667,0.823958333,81.728125,7.301041667,2.205104167,6.366666667,8.739583333,NA
4/21/2019,19.94270833,1.359895833,0.691666667,84.64583333,7.686458333,2.2071875,6.411458333,10.45833333,NA
4/22/2019,19.9875,1.5728125,0.805208333,89.42291667,8.103125,2.247291667,6.542708333,11.20833333,NA
4/23/2019,20.75833333,1.482604167,0.753125,95.98854167,8.563541667,2.265208333,6.730208333,10.84375,NA
4/24/2019,20.95,1.1559375,0.58125,91.27291667,8.120833333,2.281666667,6.528125,10.48958333,NA
4/25/2019,21.13333333,1.143854167,0.572916667,94.21354167,8.351041667,2.3575,6.744791667,10.11458333,NA
4/26/2019,21.34791667,0.496354167,0.241666667,88.95625,7.85625,2.329375,6.169811321,9.416666667,NA
4/27/2019,21.57083333,0.7853125,0.397916667,98.17604167,8.617708333,2.364479167,NA,10.8125,NA
4/28/2019,21.71458333,0.45875,0.223958333,93.4125,8.201041667,2.336354167,NA,10.35416667,NA
4/29/2019,21.81666667,0.383541667,0.19375,89.321875,7.838541667,2.369791667,NA,10.54166667,NA
4/30/2019,22.31666667,0.369166667,0.186458333,81.775,7.097916667,2.390833333,NA,11.35416667,NA
5/1/2019,22.825,0.23625,0.132291667,80.85,6.945833333,2.435520833,NA,10.64583333,NA
5/2/2019,23.45416667,0.242916667,0.132291667,84.35833333,7.157291667,2.411666667,NA,11.04166667,NA
5/3/2019,24.44791667,0.2890625,0.152083333,92.08958333,7.6875,2.387395833,NA,11.05208333,NA
5/4/2019,24.98854167,0.342291667,0.176041667,95.05520833,7.84375,2.424375,NA,11.19791667,NA
5/5/2019,25.09895833,0.359583333,0.179166667,100.31875,8.259375,2.327083333,NA,10.91666667,NA
5/6/2019,25.03333333,0.7503125,0.375,99.51354167,8.208333333,2.344270833,NA,11.64583333,NA
5/7/2019,25.009375,0.663020833,0.327083333,102.9770833,8.496875,2.361666667,NA,12.15625,NA
5/8/2019,25.49583333,0.625,0.307291667,108.14375,8.840625,2.432916667,NA,12.34375,NA
5/9/2019,25.56666667,0.747291667,0.361458333,102.8041667,8.394791667,2.486979167,NA,11.22916667,NA
5/10/2019,24.7875,0.708854167,0.345833333,93.3125,7.734375,2.500520833,NA,12.01041667,NA
5/11/2019,25.43541667,0.629895833,0.308333333,95.59375,7.825,2.470520833,NA,11.5625,NA
5/12/2019,25.271875,0.373854167,0.185416667,81.278125,6.682291667,2.483229167,NA,11.96875,NA
5/13/2019,24.565625,0.106666667,0.078125,73.11875,6.09375,2.341979167,NA,11.44791667,NA
5/14/2019,24.32708333,0.117083333,0.051041667,74.703125,6.24375,2.3434375,NA,14.42708333,NA
5/15/2019,24.25729167,0.166458333,0.060416667,74.178125,6.214583333,2.39125,6.218644068,18.96875,NA
5/16/2019,24.103125,0.106770833,0.045833333,62.31458333,5.235416667,2.39125,5.951041667,22.3125,NA
5/17/2019,24.35729167,0.128541667,0.064583333,59.71041667,4.992708333,2.411354167,5.952083333,23.54166667,NA
5/18/2019,25.99479167,0.273958333,0.138541667,88.49375,7.18125,2.4603125,6.466666667,19.76041667,NA
5/19/2019,26.30104167,0.429791667,0.21875,85.13125,6.866666667,2.5328125,6.65,19.39583333,NA
5/20/2019,26.0125,0.484166667,0.241666667,71.25833333,5.783333333,2.433854167,6.326041667,18.55208333,NA
5/21/2019,27.07083333,0.8375,0.41875,77.828125,6.178125,2.449479167,6.585416667,20.5625,NA
5/22/2019,27.23229167,1.3015625,0.665625,77.23958333,6.113541667,2.43,6.672916667,20.98958333,NA
5/23/2019,26.94479167,1.103645833,0.557291667,69.74791667,5.55,2.441145833,6.428125,17.70833333,NA
5/24/2019,27.56458333,1.423020833,0.71875,81.05416667,6.353125,2.463854167,6.6125,16.08333333,NA
5/25/2019,27.86145833,1.32,0.666666667,86.02708333,6.728125,2.42375,6.588541667,14.13541667,NA
5/26/2019,28.996875,1.693020833,0.854166667,98.496875,7.516666667,2.4184375,7.009375,13.42708333,NA
5/27/2019,28.96354167,1.395416667,0.703125,95.35520833,7.305208333,2.466666667,6.745833333,12.82291667,NA
5/28/2019,28.15625,0.900625,0.44375,72.35208333,5.633333333,2.4775,6.4125,13.33333333,NA
5/29/2019,27.915625,0.897291667,0.447916667,64.54375,5.042708333,2.459583333,6.485714286,14.41666667,NA
5/30/2019,28.67604167,1.3525,0.688541667,78.44895833,6.034375,2.5265625,NA,13.9375,NA
5/31/2019,28.5125,0.902291667,0.446875,81.77916667,6.327083333,2.477291667,NA,13.40625,NA
6/1/2019,29.11458333,0.74375,0.365625,91.334375,6.994791667,2.392291667,NA,13.60416667,NA
6/2/2019,29.125,0.79875,0.395833333,87.51145833,6.7,2.389479167,NA,13.11458333,NA
6/3/2019,29.23854167,0.697916667,0.341666667,86.55520833,6.616666667,2.409791667,NA,13.84375,NA
6/4/2019,29.54479167,0.790104167,0.388541667,93.04791667,7.072916667,2.419895833,NA,13.84375,NA
6/5/2019,28.903125,0.6590625,0.316666667,89.903125,6.917708333,2.402916667,NA,14.20833333,NA
6/6/2019,27.203125,0.3175,0.157291667,81.10833333,6.445833333,2.5234375,NA,13.62105263,NA
6/7/2019,25.54375,0.1128125,0.04375,74.30104167,6.077083333,2.498958333,NA,19.90625,NA
6/8/2019,24.77604167,0.0575,0,62.50833333,5.1875,2.413020833,NA,45,NA
6/9/2019,25.53125,0.058020833,0,57.778125,4.730208333,2.429791667,NA,69.47916667,NA
6/10/2019,26.29479167,0.064270833,0,53.90416667,4.358333333,2.370520833,NA,50.89583333,NA
6/11/2019,26.603125,0.077708333,0.010416667,57.58958333,4.628125,2.328333333,NA,36.80208333,NA
6/12/2019,26.82083333,0.104479167,0.038541667,57.04270833,4.563541667,2.382291667,NA,29.07291667,NA
6/13/2019,26.809375,0.094583333,0.020833333,53.984375,4.313541667,2.3446875,NA,24.34375,NA
6/14/2019,27.196875,0.189791667,0.075,70.409375,5.590625,2.352708333,6.130909091,21.32291667,NA
6/15/2019,27.63333333,0.363541667,0.191666667,93.41979167,7.358333333,2.412395833,6.408333333,18.32291667,NA
6/16/2019,28.38541667,1.152083333,0.592708333,89.22708333,6.917708333,2.405208333,6.695833333,16.54166667,NA
6/17/2019,28.56770833,1.204583333,0.60625,87.41041667,6.75625,2.426875,6.648958333,15.53125,NA
6/18/2019,28.47604167,1.5503125,0.786458333,84.79375,6.55625,2.485833333,6.686458333,14.42708333,NA
6/19/2019,27.41145833,0.4171875,0.204166667,81.65104167,6.45625,2.4553125,6.30625,13.55208333,NA
6/20/2019,27.95520833,1.072395833,0.544791667,95.51666667,7.45625,2.489583333,6.853125,15.94791667,NA
6/21/2019,28.11666667,0.912604167,0.458333333,89.496875,6.977083333,2.4265625,6.680208333,15.58333333,NA
6/22/2019,28.47291667,0.7503125,0.36875,87.490625,6.777083333,2.413125,6.619791667,16.375,NA
6/23/2019,28.971875,1.282083333,0.65,87.084375,6.672916667,2.389479167,6.797916667,14.94791667,NA
6/24/2019,29.28541667,2.389583333,1.244791667,81.89895833,6.232291667,2.4284375,6.936458333,15.72916667,NA
6/25/2019,28.84166667,1.346145833,0.672916667,71.96666667,5.529166667,2.366979167,6.569791667,13.17708333,NA
6/26/2019,29.08645833,1.15625,0.572916667,79.25520833,6.075,2.324479167,6.558333333,11.875,NA
6/27/2019,29.859375,1.201770833,0.596875,93.99166667,7.096875,2.280520833,6.711458333,11.09375,NA
6/28/2019,28.98229167,1.346041667,0.671875,91.440625,7.015625,2.292604167,6.819791667,14.17708333,NA
6/29/2019,28.28333333,1.686458333,0.8625,83.02708333,6.44375,2.406979167,6.71875,11.52083333,NA
6/30/2019,28.2625,3.738541667,1.984375,81.42604167,6.273958333,2.4553125,6.886458333,10.75,NA
7/1/2019,28.98333333,4.493125,2.394791667,90.69479167,6.884375,2.471875,7.055208333,9.916666667,NA
7/2/2019,29.29791667,5.729895833,3.098958333,84.92395833,6.392708333,2.395416667,7.10625,9.760416667,NA
7/3/2019,29.68645833,5.5753125,3.002083333,87.25729167,6.530208333,2.359583333,7.144791667,9.625,NA
7/4/2019,29.97708333,5.502083333,2.964583333,96.01458333,7.154166667,2.371666667,7.213541667,9.354166667,NA
7/5/2019,30.278125,6.962395833,3.810416667,89.553125,6.604166667,2.385833333,7.253125,9.895833333,NA
7/6/2019,31.08125,9.364895833,5.211458333,86.33229167,6.229166667,2.371458333,7.44375,10.625,NA
7/7/2019,31.29270833,8.759895833,4.847916667,91.41458333,6.586458333,2.391354167,7.577083333,10.33333333,NA
7/8/2019,31.35,8.255625,4.545833333,91.79375,6.617708333,2.290104167,7.661458333,10.4375,NA
7/9/2019,31.45,6.946145833,3.782291667,88.17708333,6.375,2.277083333,7.446875,9.697916667,NA
7/10/2019,30.821875,6.4665625,3.507291667,85.734375,6.267708333,2.2525,7.307291667,10.59375,NA
7/11/2019,30.9125,7.367083333,4.029166667,98.77604167,7.188541667,2.375208333,7.690625,10.75,NA
7/12/2019,30.11770833,7.208125,3.94375,101.046875,7.457291667,2.59,8.076041667,10.08333333,NA
7/13/2019,28.221875,5.6265625,3.078125,80.53229167,6.172916667,2.726979167,7.153125,16.0625,NA
7/14/2019,25.27395833,0.171979167,0.096875,70.45208333,5.797916667,2.5740625,6.044791667,44.42708333,NA
7/15/2019,26.28854167,0.6559375,0.341666667,65.51458333,5.279166667,2.54875,6.127083333,31.48958333,NA
7/16/2019,27.51770833,1.449166667,0.742708333,71.16875,5.584375,2.490625,6.328125,22.91666667,NA
7/17/2019,28.02916667,1.7309375,0.894791667,71.15833333,5.525,2.4875,6.326041667,18.94791667,NA
7/18/2019,29.66875,5.733229167,3.120833333,82.62395833,6.166666667,2.475833333,6.785416667,13.20833333,NA
7/19/2019,30.20208333,6.386875,3.472916667,80.49791667,5.952083333,2.435208333,6.863541667,10.69791667,NA
7/20/2019,29.43541667,4.615,2.452083333,81.63958333,6.159375,2.422916667,6.658333333,10.66666667,NA
7/21/2019,29.178125,3.9446875,2.079166667,86.28229167,6.545833333,2.427604167,6.635416667,9.427083333,NA
7/22/2019,29.31875,4.351979167,2.309375,90.77291667,6.859375,2.4475,6.770833333,8.895833333,NA
7/23/2019,29.50104167,5.088125,2.729166667,82.07916667,6.16875,2.368333333,6.842708333,9.177083333,NA
7/24/2019,29.63333333,5.516875,2.965625,88.00416667,6.585416667,2.2734375,6.997916667,11.91666667,NA
7/25/2019,29.675,6.658125,3.626041667,104.865625,7.810416667,2.3475,7.5,11.86458333,NA
7/26/2019,30.13854167,7.511458333,4.11875,101.9927083,7.525,2.415104167,7.491666667,12.01041667,NA
7/27/2019,30.50208333,8.195729167,4.519791667,101.3541667,7.4125,2.421041667,7.74375,12.32291667,NA
7/28/2019,30.24375,8.582916667,4.747916667,97.92395833,7.18125,2.396041667,7.751041667,12.25,NA
7/29/2019,30.38125,9.086666667,5.053125,94.47083333,6.910416667,2.412083333,7.634375,12.38541667,NA
7/30/2019,30.36458333,9.305,5.184375,89.19375,6.51875,2.429270833,7.551041667,11.33333333,NA
7/31/2019,30.17604167,8.780104167,4.870833333,82.7625,6.076041667,2.441770833,7.405208333,11.33333333,NA
8/1/2019,30.28854167,9.116875,5.075,82.36770833,6.034375,2.4290625,7.410416667,11.16666667,NA
8/2/2019,30.03333333,9.359791667,5.223958333,83.5,6.1375,2.431041667,7.333333333,9.989583333,NA
8/3/2019,29.259375,12.04083333,6.85,78.26145833,5.772916667,2.483125,7.333333333,9.947916667,NA
8/4/2019,30.071875,12.7596875,7.278125,85.546875,6.209375,2.493541667,7.640625,10.65625,NA
8/5/2019,30.28020833,11.22552083,6.338541667,72.940625,5.302083333,2.477083333,7.415625,9.114583333,NA
8/6/2019,30.58645833,11.01354167,6.203125,79.28229167,5.738541667,2.441770833,7.695833333,8.895833333,NA
8/7/2019,31.09375,10.74458333,6.040625,72.484375,5.20625,2.396875,7.671875,10.66666667,NA
8/8/2019,31.14479167,9.368854167,5.208333333,75.11458333,5.413541667,2.3559375,7.639583333,9.739583333,NA
8/9/2019,31.31458333,8.357291667,4.6125,77.80625,5.60625,2.311666667,7.676041667,10.39583333,NA
8/10/2019,31.41041667,8.286875,4.567708333,81.48229167,5.876041667,2.269583333,7.5625,9.8125,NA
8/11/2019,30.85729167,11.02104167,6.210416667,63.796875,4.603125,2.281458333,7.482291667,13.36458333,NA
8/12/2019,30.67916667,13.32854167,7.633333333,57.3,4.114583333,2.257708333,7.427083333,20.48958333,NA
8/13/2019,31.01354167,13.254375,7.572916667,69.4875,4.953125,2.274375,7.667708333,16.64583333,NA
8/14/2019,30.3625,14.08552083,8.095833333,57.45520833,4.138541667,2.299583333,7.367708333,9.052083333,NA
8/15/2019,29.9875,11.5509375,6.55625,73.14791667,5.344791667,2.330625,7.308333333,7.729166667,NA
8/16/2019,29.778125,10.95979167,6.180208333,55.234375,4.054166667,2.3446875,7.045833333,9.239583333,NA
8/17/2019,30.79479167,11.83208333,6.704166667,88.43020833,6.353125,2.355416667,7.591666667,10.9375,NA
8/18/2019,31.12916667,10.958125,6.1625,71.65,5.135416667,2.3896875,7.379166667,10.375,NA
8/19/2019,30.634375,9.6225,5.365625,61.51041667,4.476041667,2.339270833,7.163541667,9.09375,NA
8/20/2019,29.81041667,8.097083333,4.458333333,51.45,3.817708333,2.293645833,6.873958333,9.427083333,NA
8/21/2019,29.778125,8.9040625,4.941666667,59.00833333,4.361458333,2.333125,7.05,11.32291667,NA
8/22/2019,30.46458333,8.166666667,4.5,84.25833333,6.160416667,2.335208333,7.41875,12.11458333,NA
8/23/2019,30.553125,9.608125,5.358333333,64.23958333,4.660416667,2.357083333,7.228125,10.53125,NA
8/24/2019,31.11875,9.975833333,5.572916667,85.51458333,6.151041667,2.321875,7.542708333,11.875,NA
8/25/2019,31.62083333,11.3446875,6.396875,82.7625,5.871875,2.320520833,7.613541667,12.70833333,NA
8/26/2019,30.059375,9.976666667,5.610416667,62.521875,4.566666667,2.396458333,7.257291667,13.13541667,NA
8/27/2019,28.265625,5.763645833,3.127083333,51.540625,3.957291667,2.394479167,6.61875,10,NA
8/28/2019,28.00520833,4.140208333,2.207291667,67.409375,5.20625,2.307083333,6.534375,12.66666667,NA
8/29/2019,28.89166667,11.29614583,6.403125,67.40520833,5,2.325625,7.154166667,11.35416667,NA
8/30/2019,29.16041667,17.914375,10.52291667,77.99166667,5.641666667,2.36875,7.519791667,9.791666667,NA
8/31/2019,29.23854167,18.28864583,10.76041667,69.01354167,4.982291667,2.43125,7.404166667,8.875,NA
9/1/2019,29.30520833,17.80583333,10.45520833,69.15208333,5.001041667,2.471875,7.379166667,9.34375,NA
9/2/2019,29.97291667,18.28208333,10.75,86.553125,6.160416667,2.4121875,7.586458333,11.16666667,NA
9/3/2019,30.99791667,20.0584375,11.86770833,106.6979167,7.408333333,2.379270833,7.829166667,10.55208333,NA
9/4/2019,31.77708333,20.81114583,12.34791667,106.5770833,7.290625,2.314479167,7.84375,10.125,NA
9/5/2019,32.31354167,21.416875,12.72604167,101.2958333,6.866666667,2.281145833,7.879166667,10.02083333,NA
9/6/2019,32.58541667,22.28677083,13.29583333,101.3489583,6.835416667,2.209270833,8.117708333,10.41666667,NA
9/7/2019,31.85,23.37916667,14.02395833,88.45416667,6.005208333,2.295104167,8.047916667,9.958333333,NA
9/8/2019,31.95208333,23.25302083,13.934375,74.65833333,5.0625,2.390416667,7.888541667,8.072916667,NA
9/9/2019,31.946875,22.395,13.38541667,69.11770833,4.704166667,2.435729167,7.925,9.239583333,NA
9/10/2019,31.62708333,20.3584375,12.05833333,65.44270833,4.510416667,2.469375,7.854166667,9.208333333,NA
9/11/2019,31.421875,20.20291667,11.96458333,66.52916667,4.607291667,2.472916667,7.861458333,10.28125,NA
9/12/2019,31.26145833,20.99552083,12.478125,63.86875,4.420833333,2.479479167,7.786458333,10.53125,NA
9/13/2019,30.57083333,20.739375,12.32604167,82.75104167,5.7875,2.464791667,7.959375,10.66666667,NA
9/14/2019,30.165625,20.67260417,12.28333333,90.63020833,6.394791667,2.4975,8.061458333,10.66666667,NA
9/15/2019,29.740625,20.613125,12.25208333,102.0729167,7.25625,2.499166667,8.201041667,10.96875,NA
9/16/2019,29.70833333,21.25697917,12.67604167,87.13125,6.171875,2.474791667,8.078125,10.71875,NA
9/17/2019,30.440625,21.28010417,12.67708333,94.94479167,6.646875,2.426979167,8.105208333,11.63541667,NA
9/18/2019,31.00208333,20.3040625,12.03645833,90.21875,6.273958333,2.351770833,8.097916667,11.78125,NA
9/19/2019,31.07708333,19.160625,11.3,77.67916667,5.426041667,2.3665625,8.077083333,10.3125,NA
9/20/2019,30.028125,19.15166667,11.30833333,83.12083333,5.90625,2.4984375,8.148958333,9.697916667,NA
9/21/2019,29.671875,20.89979167,12.446875,97.19479167,6.910416667,2.569791667,8.1875,10.875,NA
9/22/2019,29.25104167,22.00729167,13.16666667,95.43333333,6.797916667,2.5978125,8.133333333,11.80208333,NA
9/23/2019,29.234375,22.38989583,13.42604167,83.28333333,5.928125,2.580104167,7.989583333,11.04166667,NA
9/24/2019,29.08958333,23.42958333,14.10104167,79.57291667,5.65625,2.575,7.926041667,11.39583333,NA
9/25/2019,29.359375,24.18104167,14.60208333,69.13645833,4.875,2.5365625,7.867708333,11.41666667,NA
9/26/2019,29.63125,23.37572917,14.05520833,56.49895833,3.982291667,2.517291667,7.654166667,11.39583333,NA
9/27/2019,29.91666667,22.53,13.49270833,63.696875,4.478125,2.52625,7.683333333,12.15625,NA
9/28/2019,30.23645833,22.1040625,13.21458333,68.6875,4.8125,2.547916667,7.732291667,12.51041667,NA
9/29/2019,30.39479167,20.85114583,12.39479167,76.36875,5.365625,2.581041667,7.8125,12.47916667,NA
9/30/2019,30.63020833,19.936875,11.79895833,86.146875,6.029166667,2.586458333,7.917708333,11.78125,NA
10/1/2019,31.11666667,20.390625,12.08645833,100.9520833,6.995833333,2.567916667,8.079166667,10.375,NA
10/2/2019,31.15,20.25072917,11.99895833,101.0802083,7.021875,2.566979167,8.061458333,9.510416667,NA
10/3/2019,30.94186047,19.66534884,11.61860465,86.47209302,6.044186047,2.678139535,7.944186047,7.906976744,NA
